{
"type": "FeatureCollection",
"name": "loteo",
"crs": { "type": "name", "properties": { "name": "urn:ogc:def:crs:OGC:1.3:CRS84" } },
"features": [
{ "type": "Feature", "properties": { "fid": 3, "osm_id": null, "osm_way_id": "253371507", "name": "4B", "type": null, "aeroway": null, "amenity": null, "admin_level": null, "barrier": null, "boundary": null, "building": "yes", "craft": null, "geological": null, "historic": null, "land_area": null, "landuse": null, "leisure": null, "man_made": null, "military": null, "natural": null, "office": null, "place": null, "shop": null, "sport": null, "tourism": null, "other_tags": null }, "geometry": { "type": "MultiPolygon", "coordinates": [ [ [ [ -75.0088603, 4.9512939 ], [ -75.0083386, 4.9517508 ], [ -75.0082581, 4.9516653 ], [ -75.0087584, 4.9511923 ], [ -75.0088603, 4.9512939 ] ] ] ] } },
{ "type": "Feature", "properties": { "fid": 4, "osm_id": null, "osm_way_id": "253371508", "name": "4A", "type": null, "aeroway": null, "amenity": null, "admin_level": null, "barrier": null, "boundary": null, "building": "yes", "craft": null, "geological": null, "historic": null, "land_area": null, "landuse": null, "leisure": null, "man_made": null, "military": null, "natural": null, "office": null, "place": null, "shop": null, "sport": null, "tourism": null, "other_tags": null }, "geometry": { "type": "MultiPolygon", "coordinates": [ [ [ [ -75.008002, 4.9518604 ], [ -75.0073958, 4.9523895 ], [ -75.0074548, 4.952475 ], [ -75.0080704, 4.9519432 ], [ -75.008002, 4.9518604 ] ] ] ] } },
{ "type": "Feature", "properties": { "fid": 5, "osm_id": null, "osm_way_id": "253371690", "name": "1A", "type": null, "aeroway": null, "amenity": null, "admin_level": null, "barrier": null, "boundary": null, "building": "yes", "craft": null, "geological": null, "historic": null, "land_area": null, "landuse": null, "leisure": null, "man_made": null, "military": null, "natural": null, "office": null, "place": null, "shop": null, "sport": null, "tourism": null, "other_tags": null }, "geometry": { "type": "MultiPolygon", "coordinates": [ [ [ [ -75.0091124, 4.9461151 ], [ -75.0083561, 4.946671 ], [ -75.0082917, 4.9465641 ], [ -75.0090092, 4.9460056 ], [ -75.0091124, 4.9461151 ] ] ] ] } },
{ "type": "Feature", "properties": { "fid": 6, "osm_id": null, "osm_way_id": "253371691", "name": "3A", "type": null, "aeroway": null, "amenity": null, "admin_level": null, "barrier": null, "boundary": null, "building": "yes", "craft": null, "geological": null, "historic": null, "land_area": null, "landuse": null, "leisure": null, "man_made": null, "military": null, "natural": null, "office": null, "place": null, "shop": null, "sport": null, "tourism": null, "other_tags": null }, "geometry": { "type": "MultiPolygon", "coordinates": [ [ [ [ -75.0088925, 4.9495997 ], [ -75.0086028, 4.9487072 ], [ -75.0084794, 4.9487446 ], [ -75.0087678, 4.9496505 ], [ -75.0088925, 4.9495997 ] ] ] ] } },
{ "type": "Feature", "properties": { "fid": 7, "osm_id": null, "osm_way_id": "253371692", "name": "3C", "type": null, "aeroway": null, "amenity": null, "admin_level": null, "barrier": null, "boundary": null, "building": "yes", "craft": null, "geological": null, "historic": null, "land_area": null, "landuse": null, "leisure": null, "man_made": null, "military": null, "natural": null, "office": null, "place": null, "shop": null, "sport": null, "tourism": null, "other_tags": null }, "geometry": { "type": "MultiPolygon", "coordinates": [ [ [ [ -75.0084687, 4.9496104 ], [ -75.0086779, 4.9503907 ], [ -75.0085599, 4.9504014 ], [ -75.0083239, 4.9496531 ], [ -75.0084687, 4.9496104 ] ] ] ] } },
{ "type": "Feature", "properties": { "fid": 8, "osm_id": null, "osm_way_id": "253371693", "name": "3B", "type": null, "aeroway": null, "amenity": null, "admin_level": null, "barrier": null, "boundary": null, "building": "yes", "craft": null, "geological": null, "historic": null, "land_area": null, "landuse": null, "leisure": null, "man_made": null, "military": null, "natural": null, "office": null, "place": null, "shop": null, "sport": null, "tourism": null, "other_tags": null }, "geometry": { "type": "MultiPolygon", "coordinates": [ [ [ [ -75.0085384, 4.9493806 ], [ -75.0079591, 4.9487606 ], [ -75.007884, 4.9488408 ], [ -75.0084472, 4.9494501 ], [ -75.0085384, 4.9493806 ] ] ] ] } },
{ "type": "Feature", "properties": { "fid": 9, "osm_id": null, "osm_way_id": "253371694", "name": "2A", "type": null, "aeroway": null, "amenity": null, "admin_level": null, "barrier": null, "boundary": null, "building": "yes", "craft": null, "geological": null, "historic": null, "land_area": null, "landuse": null, "leisure": null, "man_made": null, "military": null, "natural": null, "office": null, "place": null, "shop": null, "sport": null, "tourism": null, "other_tags": null }, "geometry": { "type": "MultiPolygon", "coordinates": [ [ [ [ -75.0079108, 4.9474245 ], [ -75.0069667, 4.947355 ], [ -75.0069506, 4.9474512 ], [ -75.0079108, 4.9475368 ], [ -75.0079108, 4.9474245 ] ] ] ] } },
{ "type": "Feature", "properties": { "fid": 10, "osm_id": null, "osm_way_id": "253371695", "name": "1C", "type": null, "aeroway": null, "amenity": null, "admin_level": null, "barrier": null, "boundary": null, "building": "yes", "craft": null, "geological": null, "historic": null, "land_area": null, "landuse": null, "leisure": null, "man_made": null, "military": null, "natural": null, "office": null, "place": null, "shop": null, "sport": null, "tourism": null, "other_tags": null }, "geometry": { "type": "MultiPolygon", "coordinates": [ [ [ [ -75.0054915, 4.947184 ], [ -75.0048263, 4.9476597 ], [ -75.0048839, 4.9477639 ], [ -75.0055491, 4.947315 ], [ -75.0054915, 4.947184 ] ] ] ] } },
{ "type": "Feature", "properties": { "fid": 11, "osm_id": null, "osm_way_id": "253371696", "name": "2B", "type": null, "aeroway": null, "amenity": null, "admin_level": null, "barrier": null, "boundary": null, "building": "yes", "craft": null, "geological": null, "historic": null, "land_area": null, "landuse": null, "leisure": null, "man_made": null, "military": null, "natural": null, "office": null, "place": null, "shop": null, "sport": null, "tourism": null, "other_tags": null }, "geometry": { "type": "MultiPolygon", "coordinates": [ [ [ [ -75.0082756, 4.9471252 ], [ -75.0077391, 4.9472642 ], [ -75.0077593, 4.9473791 ], [ -75.0082809, 4.9472535 ], [ -75.0082756, 4.9471252 ] ] ] ] } },
{ "type": "Feature", "properties": { "fid": 12, "osm_id": null, "osm_way_id": "253371698", "name": "1B", "type": null, "aeroway": null, "amenity": null, "admin_level": null, "barrier": null, "boundary": null, "building": "yes", "craft": null, "geological": null, "historic": null, "land_area": null, "landuse": null, "leisure": null, "man_made": null, "military": null, "natural": null, "office": null, "place": null, "shop": null, "sport": null, "tourism": null, "other_tags": null }, "geometry": { "type": "MultiPolygon", "coordinates": [ [ [ [ -75.0076909, 4.9464305 ], [ -75.0076842, 4.9463369 ], [ -75.0068701, 4.9464091 ], [ -75.0068902, 4.946524 ], [ -75.0076909, 4.9464305 ] ] ] ] } },
{ "type": "Feature", "properties": { "fid": 13, "osm_id": null, "osm_way_id": "253371774", "name": "4C", "type": null, "aeroway": null, "amenity": null, "admin_level": null, "barrier": null, "boundary": null, "building": "yes", "craft": null, "geological": null, "historic": null, "land_area": null, "landuse": null, "leisure": null, "man_made": null, "military": null, "natural": null, "office": null, "place": null, "shop": null, "sport": null, "tourism": null, "other_tags": null }, "geometry": { "type": "MultiPolygon", "coordinates": [ [ [ [ -75.003056, 4.9490599 ], [ -75.0029702, 4.9490011 ], [ -75.0026255, 4.9494207 ], [ -75.0027288, 4.9495035 ], [ -75.003056, 4.9490599 ] ] ] ] } },
{ "type": "Feature", "properties": { "fid": 14, "osm_id": null, "osm_way_id": "253371775", "name": "2C", "type": null, "aeroway": null, "amenity": null, "admin_level": null, "barrier": null, "boundary": null, "building": "yes", "craft": null, "geological": null, "historic": null, "land_area": null, "landuse": null, "leisure": null, "man_made": null, "military": null, "natural": null, "office": null, "place": null, "shop": null, "sport": null, "tourism": null, "other_tags": null }, "geometry": { "type": "MultiPolygon", "coordinates": [ [ [ [ -75.0052447, 4.9481727 ], [ -75.0053895, 4.9481193 ], [ -75.0056899, 4.9487072 ], [ -75.005599065807289, 4.948786002646133 ], [ -75.005563715100735, 4.948782797115963 ], [ -75.0052447, 4.9481727 ] ] ] ] } },
{ "type": "Feature", "properties": { "fid": 15, "osm_id": null, "osm_way_id": "325784614", "name": null, "type": null, "aeroway": null, "amenity": null, "admin_level": null, "barrier": null, "boundary": null, "building": "yes", "craft": null, "geological": null, "historic": null, "land_area": null, "landuse": null, "leisure": null, "man_made": null, "military": null, "natural": null, "office": null, "place": null, "shop": null, "sport": null, "tourism": null, "other_tags": null }, "geometry": { "type": "MultiPolygon", "coordinates": [ [ [ [ -75.0057568, 4.9503986 ], [ -75.0057461, 4.950241 ], [ -75.005679, 4.9502383 ], [ -75.0056817, 4.950404 ], [ -75.0057568, 4.9503986 ] ] ] ] } },
{ "type": "Feature", "properties": { "fid": 16, "osm_id": null, "osm_way_id": "325784615", "name": "Planta de Tratamiento", "type": null, "aeroway": null, "amenity": null, "admin_level": null, "barrier": null, "boundary": null, "building": "yes", "craft": null, "geological": null, "historic": null, "land_area": null, "landuse": null, "leisure": null, "man_made": null, "military": null, "natural": null, "office": null, "place": null, "shop": null, "sport": null, "tourism": null, "other_tags": null }, "geometry": { "type": "MultiPolygon", "coordinates": [ [ [ [ -75.0058641, 4.9508449 ], [ -75.0058185, 4.9509705 ], [ -75.00573, 4.9509411 ], [ -75.0057514, 4.950885 ], [ -75.0057809, 4.950893 ], [ -75.00578751971284, 4.950873988841246 ], [ -75.005794710809226, 4.950869169854213 ], [ -75.005803218803379, 4.95085834750676 ], [ -75.005807966097379, 4.950845425727913 ], [ -75.005808487993008, 4.950831669391414 ], [ -75.005806294949451, 4.950823933422343 ], [ -75.0058641, 4.9508449 ] ] ] ] } },
{ "type": "Feature", "properties": { "fid": 17, "osm_id": null, "osm_way_id": "325784620", "name": null, "type": null, "aeroway": null, "amenity": null, "admin_level": null, "barrier": null, "boundary": null, "building": null, "craft": null, "geological": null, "historic": null, "land_area": null, "landuse": null, "leisure": null, "man_made": null, "military": null, "natural": "water", "office": null, "place": null, "shop": null, "sport": null, "tourism": null, "other_tags": "\"water\"=>\"reservoir\"" }, "geometry": { "type": "MultiPolygon", "coordinates": [ [ [ [ -75.0061001, 4.9509812 ], [ -75.0060575, 4.9510192 ], [ -75.0061029, 4.9510696 ], [ -75.0061454, 4.9510316 ], [ -75.0061001, 4.9509812 ] ] ] ] } },
{ "type": "Feature", "properties": { "fid": 18, "osm_id": null, "osm_way_id": "325784621", "name": null, "type": null, "aeroway": null, "amenity": null, "admin_level": null, "barrier": null, "boundary": null, "building": null, "craft": null, "geological": null, "historic": null, "land_area": null, "landuse": null, "leisure": null, "man_made": null, "military": null, "natural": "water", "office": null, "place": null, "shop": null, "sport": null, "tourism": null, "other_tags": "\"water\"=>\"reservoir\"" }, "geometry": { "type": "MultiPolygon", "coordinates": [ [ [ [ -75.0060867, 4.9509544 ], [ -75.0060385, 4.9508989 ], [ -75.0059987, 4.9509331 ], [ -75.0060468, 4.9509887 ], [ -75.0060867, 4.9509544 ] ] ] ] } },
{ "type": "Feature", "properties": { "fid": 19, "osm_id": null, "osm_way_id": "325785011", "name": "Compost", "type": null, "aeroway": null, "amenity": null, "admin_level": null, "barrier": null, "boundary": null, "building": "yes", "craft": null, "geological": null, "historic": null, "land_area": null, "landuse": null, "leisure": null, "man_made": null, "military": null, "natural": null, "office": null, "place": null, "shop": null, "sport": null, "tourism": null, "other_tags": null }, "geometry": { "type": "MultiPolygon", "coordinates": [ [ [ [ -75.0074278, 4.9462647 ], [ -75.007401, 4.9462273 ], [ -75.0073634, 4.9462487 ], [ -75.0073929, 4.9462914 ], [ -75.0074278, 4.9462647 ] ] ] ] } },
{ "type": "Feature", "properties": { "fid": 21, "osm_id": null, "osm_way_id": "662215665", "name": "Parroquia San Antonio De Padua", "type": null, "aeroway": null, "amenity": null, "admin_level": null, "barrier": null, "boundary": null, "building": "church", "craft": null, "geological": null, "historic": null, "land_area": null, "landuse": null, "leisure": null, "man_made": null, "military": null, "natural": null, "office": null, "place": null, "shop": null, "sport": null, "tourism": null, "other_tags": null }, "geometry": { "type": "MultiPolygon", "coordinates": [ [ [ [ -74.99443, 4.9486046 ], [ -74.9945162, 4.9487238 ], [ -74.9943995, 4.9488105 ], [ -74.994233, 4.9489348 ], [ -74.9941514, 4.9488145 ], [ -74.9941972, 4.9487709 ], [ -74.99443, 4.9486046 ] ] ] ] } },
{ "type": "Feature", "properties": { "fid": 22, "osm_id": null, "osm_way_id": "662215666", "name": null, "type": null, "aeroway": null, "amenity": "kindergarten", "admin_level": null, "barrier": null, "boundary": null, "building": null, "craft": null, "geological": null, "historic": null, "land_area": null, "landuse": null, "leisure": null, "man_made": null, "military": null, "natural": null, "office": null, "place": null, "shop": null, "sport": null, "tourism": null, "other_tags": null }, "geometry": { "type": "MultiPolygon", "coordinates": [ [ [ [ -74.9933395, 4.9482166 ], [ -74.9934936, 4.9482196 ], [ -74.9936088, 4.9483036 ], [ -74.99345454255193, 4.948490116949061 ], [ -74.993453811272019, 4.948489544857102 ], [ -74.993448819017033, 4.948486163845021 ], [ -74.993324319017034, 4.948413763845021 ], [ -74.993323836606564, 4.948413487374714 ], [ -74.993240476786625, 4.948366410892385 ], [ -74.9933395, 4.9482166 ] ] ] ] } },
{ "type": "Feature", "properties": { "fid": 23, "osm_id": null, "osm_way_id": "662215668", "name": null, "type": null, "aeroway": null, "amenity": null, "admin_level": null, "barrier": null, "boundary": null, "building": "school", "craft": null, "geological": null, "historic": null, "land_area": null, "landuse": null, "leisure": null, "man_made": null, "military": null, "natural": null, "office": null, "place": null, "shop": null, "sport": null, "tourism": null, "other_tags": null }, "geometry": { "type": "MultiPolygon", "coordinates": [ [ [ [ -74.9920913, 4.9478625 ], [ -74.9920798, 4.9476616 ], [ -74.9919725, 4.9476792 ], [ -74.9918411, 4.9476883 ], [ -74.9918479, 4.9477852 ], [ -74.9918382, 4.9478768 ], [ -74.9920913, 4.9478625 ] ] ] ] } },
{ "type": "Feature", "properties": { "fid": 24, "osm_id": null, "osm_way_id": "662215669", "name": null, "type": null, "aeroway": null, "amenity": "school", "admin_level": null, "barrier": null, "boundary": null, "building": null, "craft": null, "geological": null, "historic": null, "land_area": null, "landuse": null, "leisure": null, "man_made": null, "military": null, "natural": null, "office": null, "place": null, "shop": null, "sport": null, "tourism": null, "other_tags": null }, "geometry": { "type": "MultiPolygon", "coordinates": [ [ [ [ -74.9923332, 4.9475308 ], [ -74.9923623, 4.9479459 ], [ -74.991415, 4.9480118 ], [ -74.9914013, 4.9478162 ], [ -74.9918479, 4.9477852 ], [ -74.9918411, 4.9476883 ], [ -74.9919725, 4.9476792 ], [ -74.9919639, 4.9475565 ], [ -74.992075181830373, 4.947548736151369 ], [ -74.992076850156081, 4.947559286410979 ], [ -74.992083096865116, 4.947571553757681 ], [ -74.992092828657064, 4.947581290358446 ], [ -74.992105092916304, 4.947587543126954 ], [ -74.992118689131715, 4.947589699998658 ], [ -74.992132286410992, 4.947587549843926 ], [ -74.992144553757683, 4.947581303134887 ], [ -74.992154290358457, 4.947571571342944 ], [ -74.992160543126957, 4.947559307083695 ], [ -74.992166037363447, 4.947542411763565 ], [ -74.9923332, 4.9475308 ] ] ] ] } },
{ "type": "Feature", "properties": { "fid": 26, "osm_id": null, "osm_way_id": "837122130", "name": null, "type": null, "aeroway": null, "amenity": null, "admin_level": null, "barrier": null, "boundary": null, "building": "house", "craft": null, "geological": null, "historic": null, "land_area": null, "landuse": null, "leisure": null, "man_made": null, "military": null, "natural": null, "office": null, "place": null, "shop": null, "sport": null, "tourism": null, "other_tags": null }, "geometry": { "type": "MultiPolygon", "coordinates": [ [ [ [ -74.9983854, 4.9539718 ], [ -74.9984379, 4.9539338 ], [ -74.9983964, 4.9538768 ], [ -74.9983439, 4.9539147 ], [ -74.9983854, 4.9539718 ] ] ] ] } },
{ "type": "Feature", "properties": { "fid": 27, "osm_id": null, "osm_way_id": "837122131", "name": null, "type": null, "aeroway": null, "amenity": null, "admin_level": null, "barrier": null, "boundary": null, "building": "house", "craft": null, "geological": null, "historic": null, "land_area": null, "landuse": null, "leisure": null, "man_made": null, "military": null, "natural": null, "office": null, "place": null, "shop": null, "sport": null, "tourism": null, "other_tags": null }, "geometry": { "type": "MultiPolygon", "coordinates": [ [ [ [ -74.9985109, 4.9539101 ], [ -74.9985634, 4.9538721 ], [ -74.9985219, 4.9538151 ], [ -74.9984694, 4.953853 ], [ -74.9985109, 4.9539101 ] ] ] ] } },
{ "type": "Feature", "properties": { "fid": 28, "osm_id": null, "osm_way_id": "837122132", "name": null, "type": null, "aeroway": null, "amenity": null, "admin_level": null, "barrier": null, "boundary": null, "building": "house", "craft": null, "geological": null, "historic": null, "land_area": null, "landuse": null, "leisure": null, "man_made": null, "military": null, "natural": null, "office": null, "place": null, "shop": null, "sport": null, "tourism": null, "other_tags": null }, "geometry": { "type": "MultiPolygon", "coordinates": [ [ [ [ -74.9985863, 4.9538543 ], [ -74.9986388, 4.9538163 ], [ -74.9985972, 4.9537593 ], [ -74.9985447, 4.9537973 ], [ -74.9985863, 4.9538543 ] ] ] ] } },
{ "type": "Feature", "properties": { "fid": 29, "osm_id": null, "osm_way_id": "837122133", "name": null, "type": null, "aeroway": null, "amenity": null, "admin_level": null, "barrier": null, "boundary": null, "building": "house", "craft": null, "geological": null, "historic": null, "land_area": null, "landuse": null, "leisure": null, "man_made": null, "military": null, "natural": null, "office": null, "place": null, "shop": null, "sport": null, "tourism": null, "other_tags": null }, "geometry": { "type": "MultiPolygon", "coordinates": [ [ [ [ -74.9987068, 4.9537621 ], [ -74.9987593, 4.9537241 ], [ -74.9987178, 4.9536671 ], [ -74.9986653, 4.953705 ], [ -74.9987068, 4.9537621 ] ] ] ] } },
{ "type": "Feature", "properties": { "fid": 30, "osm_id": null, "osm_way_id": "837122134", "name": null, "type": null, "aeroway": null, "amenity": null, "admin_level": null, "barrier": null, "boundary": null, "building": "house", "craft": null, "geological": null, "historic": null, "land_area": null, "landuse": null, "leisure": null, "man_made": null, "military": null, "natural": null, "office": null, "place": null, "shop": null, "sport": null, "tourism": null, "other_tags": null }, "geometry": { "type": "MultiPolygon", "coordinates": [ [ [ [ -74.9987111, 4.9536334 ], [ -74.9987636, 4.9535954 ], [ -74.9987221, 4.9535384 ], [ -74.9986696, 4.9535764 ], [ -74.9987111, 4.9536334 ] ] ] ] } },
{ "type": "Feature", "properties": { "fid": 31, "osm_id": null, "osm_way_id": "837122135", "name": null, "type": null, "aeroway": null, "amenity": null, "admin_level": null, "barrier": null, "boundary": null, "building": "house", "craft": null, "geological": null, "historic": null, "land_area": null, "landuse": null, "leisure": null, "man_made": null, "military": null, "natural": null, "office": null, "place": null, "shop": null, "sport": null, "tourism": null, "other_tags": null }, "geometry": { "type": "MultiPolygon", "coordinates": [ [ [ [ -74.99878, 4.9536935 ], [ -74.9988325, 4.9536555 ], [ -74.998791, 4.9535985 ], [ -74.9987384, 4.9536364 ], [ -74.99878, 4.9536935 ] ] ] ] } },
{ "type": "Feature", "properties": { "fid": 32, "osm_id": null, "osm_way_id": "837122136", "name": null, "type": null, "aeroway": null, "amenity": null, "admin_level": null, "barrier": null, "boundary": null, "building": "house", "craft": null, "geological": null, "historic": null, "land_area": null, "landuse": null, "leisure": null, "man_made": null, "military": null, "natural": null, "office": null, "place": null, "shop": null, "sport": null, "tourism": null, "other_tags": null }, "geometry": { "type": "MultiPolygon", "coordinates": [ [ [ [ -74.9996733, 4.953702 ], [ -74.9997258, 4.9536641 ], [ -74.9996843, 4.953607 ], [ -74.9996317, 4.953645 ], [ -74.9996733, 4.953702 ] ] ] ] } },
{ "type": "Feature", "properties": { "fid": 33, "osm_id": null, "osm_way_id": "837122137", "name": null, "type": null, "aeroway": null, "amenity": null, "admin_level": null, "barrier": null, "boundary": null, "building": "house", "craft": null, "geological": null, "historic": null, "land_area": null, "landuse": null, "leisure": null, "man_made": null, "military": null, "natural": null, "office": null, "place": null, "shop": null, "sport": null, "tourism": null, "other_tags": null }, "geometry": { "type": "MultiPolygon", "coordinates": [ [ [ [ -74.9993676, 4.9531166 ], [ -74.9994201, 4.9530786 ], [ -74.9993786, 4.9530216 ], [ -74.9993261, 4.9530596 ], [ -74.9993676, 4.9531166 ] ] ] ] } },
{ "type": "Feature", "properties": { "fid": 34, "osm_id": null, "osm_way_id": "837122138", "name": null, "type": null, "aeroway": null, "amenity": null, "admin_level": null, "barrier": null, "boundary": null, "building": "house", "craft": null, "geological": null, "historic": null, "land_area": null, "landuse": null, "leisure": null, "man_made": null, "military": null, "natural": null, "office": null, "place": null, "shop": null, "sport": null, "tourism": null, "other_tags": null }, "geometry": { "type": "MultiPolygon", "coordinates": [ [ [ [ -74.9994064, 4.9532238 ], [ -74.9994589, 4.9531859 ], [ -74.9994174, 4.9531288 ], [ -74.9993648, 4.9531668 ], [ -74.9994064, 4.9532238 ] ] ] ] } },
{ "type": "Feature", "properties": { "fid": 35, "osm_id": null, "osm_way_id": "837122139", "name": null, "type": null, "aeroway": null, "amenity": null, "admin_level": null, "barrier": null, "boundary": null, "building": "terrace", "craft": null, "geological": null, "historic": null, "land_area": null, "landuse": null, "leisure": null, "man_made": null, "military": null, "natural": null, "office": null, "place": null, "shop": null, "sport": null, "tourism": null, "other_tags": null }, "geometry": { "type": "MultiPolygon", "coordinates": [ [ [ [ -74.9992976, 4.9533742 ], [ -74.9992697, 4.9533483 ], [ -74.9992138, 4.9534082 ], [ -74.9991288, 4.9533293 ], [ -74.999239473051219, 4.953210855241178 ], [ -74.999243302575195, 4.953210757126873 ], [ -74.999339733545469, 4.953300184253411 ], [ -74.999340083213497, 4.953300861361194 ], [ -74.999327981431762, 4.953341671470583 ], [ -74.9992976, 4.9533742 ] ] ] ] } },
{ "type": "Feature", "properties": { "fid": 36, "osm_id": null, "osm_way_id": "837122140", "name": null, "type": null, "aeroway": null, "amenity": null, "admin_level": null, "barrier": null, "boundary": null, "building": "house", "craft": null, "geological": null, "historic": null, "land_area": null, "landuse": null, "leisure": null, "man_made": null, "military": null, "natural": null, "office": null, "place": null, "shop": null, "sport": null, "tourism": null, "other_tags": null }, "geometry": { "type": "MultiPolygon", "coordinates": [ [ [ [ -74.9984248, 4.9540537 ], [ -74.9984773, 4.9540158 ], [ -74.9984358, 4.9539587 ], [ -74.9983833, 4.9539967 ], [ -74.9984248, 4.9540537 ] ] ] ] } },
{ "type": "Feature", "properties": { "fid": 37, "osm_id": null, "osm_way_id": "837122141", "name": null, "type": null, "aeroway": null, "amenity": null, "admin_level": null, "barrier": null, "boundary": null, "building": "house", "craft": null, "geological": null, "historic": null, "land_area": null, "landuse": null, "leisure": null, "man_made": null, "military": null, "natural": null, "office": null, "place": null, "shop": null, "sport": null, "tourism": null, "other_tags": null }, "geometry": { "type": "MultiPolygon", "coordinates": [ [ [ [ -74.9983958, 4.9541728 ], [ -74.9984064, 4.9540717 ], [ -74.998354, 4.9540662 ], [ -74.9983433, 4.9541673 ], [ -74.9983958, 4.9541728 ] ] ] ] } },
{ "type": "Feature", "properties": { "fid": 38, "osm_id": null, "osm_way_id": "837122142", "name": null, "type": null, "aeroway": null, "amenity": null, "admin_level": null, "barrier": null, "boundary": null, "building": "house", "craft": null, "geological": null, "historic": null, "land_area": null, "landuse": null, "leisure": null, "man_made": null, "military": null, "natural": null, "office": null, "place": null, "shop": null, "sport": null, "tourism": null, "other_tags": null }, "geometry": { "type": "MultiPolygon", "coordinates": [ [ [ [ -74.9981702, 4.954251 ], [ -74.9980952, 4.9542226 ], [ -74.9981182, 4.9541623 ], [ -74.9981932, 4.9541908 ], [ -74.9981702, 4.954251 ] ] ] ] } },
{ "type": "Feature", "properties": { "fid": 39, "osm_id": null, "osm_way_id": "837122143", "name": null, "type": null, "aeroway": null, "amenity": null, "admin_level": null, "barrier": null, "boundary": null, "building": "house", "craft": null, "geological": null, "historic": null, "land_area": null, "landuse": null, "leisure": null, "man_made": null, "military": null, "natural": null, "office": null, "place": null, "shop": null, "sport": null, "tourism": null, "other_tags": null }, "geometry": { "type": "MultiPolygon", "coordinates": [ [ [ [ -74.9982389, 4.9540656 ], [ -74.9981639, 4.9540371 ], [ -74.9981869, 4.9539769 ], [ -74.9982619, 4.9540054 ], [ -74.9982389, 4.9540656 ] ] ] ] } },
{ "type": "Feature", "properties": { "fid": 40, "osm_id": null, "osm_way_id": "837122144", "name": null, "type": null, "aeroway": null, "amenity": null, "admin_level": null, "barrier": null, "boundary": null, "building": "house", "craft": null, "geological": null, "historic": null, "land_area": null, "landuse": null, "leisure": null, "man_made": null, "military": null, "natural": null, "office": null, "place": null, "shop": null, "sport": null, "tourism": null, "other_tags": null }, "geometry": { "type": "MultiPolygon", "coordinates": [ [ [ [ -74.9980882, 4.9543958 ], [ -74.9980132, 4.9543674 ], [ -74.9980362, 4.9543072 ], [ -74.9981112, 4.9543356 ], [ -74.9980882, 4.9543958 ] ] ] ] } },
{ "type": "Feature", "properties": { "fid": 41, "osm_id": null, "osm_way_id": "837122145", "name": null, "type": null, "aeroway": null, "amenity": null, "admin_level": null, "barrier": null, "boundary": null, "building": "house", "craft": null, "geological": null, "historic": null, "land_area": null, "landuse": null, "leisure": null, "man_made": null, "military": null, "natural": null, "office": null, "place": null, "shop": null, "sport": null, "tourism": null, "other_tags": null }, "geometry": { "type": "MultiPolygon", "coordinates": [ [ [ [ -74.9979817, 4.9545448 ], [ -74.9979746, 4.9545008 ], [ -74.997932, 4.9545076 ], [ -74.9979391, 4.9545516 ], [ -74.9979817, 4.9545448 ] ] ] ] } },
{ "type": "Feature", "properties": { "fid": 42, "osm_id": null, "osm_way_id": "837122146", "name": null, "type": null, "aeroway": null, "amenity": null, "admin_level": null, "barrier": null, "boundary": null, "building": "house", "craft": null, "geological": null, "historic": null, "land_area": null, "landuse": null, "leisure": null, "man_made": null, "military": null, "natural": null, "office": null, "place": null, "shop": null, "sport": null, "tourism": null, "other_tags": null }, "geometry": { "type": "MultiPolygon", "coordinates": [ [ [ [ -74.9980419, 4.9545974 ], [ -74.9980348, 4.9545534 ], [ -74.9979922, 4.9545602 ], [ -74.9979993, 4.9546042 ], [ -74.9980419, 4.9545974 ] ] ] ] } },
{ "type": "Feature", "properties": { "fid": 43, "osm_id": null, "osm_way_id": "837122147", "name": null, "type": null, "aeroway": null, "amenity": null, "admin_level": null, "barrier": null, "boundary": null, "building": "house", "craft": null, "geological": null, "historic": null, "land_area": null, "landuse": null, "leisure": null, "man_made": null, "military": null, "natural": null, "office": null, "place": null, "shop": null, "sport": null, "tourism": null, "other_tags": null }, "geometry": { "type": "MultiPolygon", "coordinates": [ [ [ [ -74.9974493, 4.9540122 ], [ -74.9973825, 4.9539799 ], [ -74.9973194, 4.9541094 ], [ -74.9973861, 4.9541417 ], [ -74.9974493, 4.9540122 ] ] ] ] } },
{ "type": "Feature", "properties": { "fid": 44, "osm_id": null, "osm_way_id": "837122148", "name": null, "type": null, "aeroway": null, "amenity": null, "admin_level": null, "barrier": null, "boundary": null, "building": "house", "craft": null, "geological": null, "historic": null, "land_area": null, "landuse": null, "leisure": null, "man_made": null, "military": null, "natural": null, "office": null, "place": null, "shop": null, "sport": null, "tourism": null, "other_tags": null }, "geometry": { "type": "MultiPolygon", "coordinates": [ [ [ [ -74.9972407, 4.9537535 ], [ -74.9973571, 4.9537629 ], [ -74.997353535784768, 4.953806594638607 ], [ -74.997348623829652, 4.953807349192259 ], [ -74.997237249624007, 4.953795735158025 ], [ -74.9972407, 4.9537535 ] ] ] ] } },
{ "type": "Feature", "properties": { "fid": 45, "osm_id": null, "osm_way_id": "837122149", "name": null, "type": null, "aeroway": null, "amenity": null, "admin_level": null, "barrier": null, "boundary": null, "building": "house", "craft": null, "geological": null, "historic": null, "land_area": null, "landuse": null, "leisure": null, "man_made": null, "military": null, "natural": null, "office": null, "place": null, "shop": null, "sport": null, "tourism": null, "other_tags": null }, "geometry": { "type": "MultiPolygon", "coordinates": [ [ [ [ -74.9973873, 4.9537653 ], [ -74.9974548, 4.9537623 ], [ -74.997456086089642, 4.953790841296951 ], [ -74.997388913085345, 4.953801160128162 ], [ -74.9973873, 4.9537653 ] ] ] ] } },
{ "type": "Feature", "properties": { "fid": 46, "osm_id": null, "osm_way_id": "837122150", "name": null, "type": null, "aeroway": null, "amenity": null, "admin_level": null, "barrier": null, "boundary": null, "building": "house", "craft": null, "geological": null, "historic": null, "land_area": null, "landuse": null, "leisure": null, "man_made": null, "military": null, "natural": null, "office": null, "place": null, "shop": null, "sport": null, "tourism": null, "other_tags": null }, "geometry": { "type": "MultiPolygon", "coordinates": [ [ [ [ -74.997448, 4.9542159 ], [ -74.9973805, 4.9542189 ], [ -74.9973779, 4.9541611 ], [ -74.9974454, 4.9541581 ], [ -74.997448, 4.9542159 ] ] ] ] } },
{ "type": "Feature", "properties": { "fid": 47, "osm_id": null, "osm_way_id": "837122151", "name": null, "type": null, "aeroway": null, "amenity": null, "admin_level": null, "barrier": null, "boundary": null, "building": "house", "craft": null, "geological": null, "historic": null, "land_area": null, "landuse": null, "leisure": null, "man_made": null, "military": null, "natural": null, "office": null, "place": null, "shop": null, "sport": null, "tourism": null, "other_tags": null }, "geometry": { "type": "MultiPolygon", "coordinates": [ [ [ [ -74.9973484, 4.9539099 ], [ -74.997303, 4.9540423 ], [ -74.9972222, 4.9540147 ], [ -74.99726595101825, 4.953887205292618 ], [ -74.997288684032839, 4.953889575877515 ], [ -74.9973484, 4.9539099 ] ] ] ] } },
{ "type": "Feature", "properties": { "fid": 48, "osm_id": null, "osm_way_id": "837122152", "name": null, "type": null, "aeroway": null, "amenity": null, "admin_level": null, "barrier": null, "boundary": null, "building": "house", "craft": null, "geological": null, "historic": null, "land_area": null, "landuse": null, "leisure": null, "man_made": null, "military": null, "natural": null, "office": null, "place": null, "shop": null, "sport": null, "tourism": null, "other_tags": null }, "geometry": { "type": "MultiPolygon", "coordinates": [ [ [ [ -74.9971022, 4.9536404 ], [ -74.9970112, 4.9536101 ], [ -74.9970408, 4.9535217 ], [ -74.9971319, 4.9535519 ], [ -74.9971022, 4.9536404 ] ] ] ] } },
{ "type": "Feature", "properties": { "fid": 49, "osm_id": null, "osm_way_id": "837122153", "name": null, "type": null, "aeroway": null, "amenity": null, "admin_level": null, "barrier": null, "boundary": null, "building": "house", "craft": null, "geological": null, "historic": null, "land_area": null, "landuse": null, "leisure": null, "man_made": null, "military": null, "natural": null, "office": null, "place": null, "shop": null, "sport": null, "tourism": null, "other_tags": null }, "geometry": { "type": "MultiPolygon", "coordinates": [ [ [ [ -74.996953508759901, 4.953589764885158 ], [ -74.996907776100528, 4.95356470186158 ], [ -74.9969344, 4.9534851 ], [ -74.9970254, 4.9535153 ], [ -74.9969958, 4.9536038 ], [ -74.996953508759901, 4.953589764885158 ] ] ] ] } },
{ "type": "Feature", "properties": { "fid": 50, "osm_id": null, "osm_way_id": "837122154", "name": null, "type": null, "aeroway": null, "amenity": null, "admin_level": null, "barrier": null, "boundary": null, "building": "terrace", "craft": null, "geological": null, "historic": null, "land_area": null, "landuse": null, "leisure": null, "man_made": null, "military": null, "natural": null, "office": null, "place": null, "shop": null, "sport": null, "tourism": null, "other_tags": null }, "geometry": { "type": "MultiPolygon", "coordinates": [ [ [ [ -74.9969913, 4.9537685 ], [ -74.99705742135319, 4.953809621184409 ], [ -74.997092406447237, 4.953841104231631 ], [ -74.9970326, 4.9539533 ], [ -74.9969276, 4.9538861 ], [ -74.9969501, 4.9538506 ], [ -74.9968845, 4.9538245 ], [ -74.9968976, 4.9538002 ], [ -74.996847, 4.9537741 ], [ -74.9968695, 4.9537442 ], [ -74.996789, 4.9536957 ], [ -74.9968021, 4.9536733 ], [ -74.9967384, 4.9536341 ], [ -74.9967215, 4.9536621 ], [ -74.9966334, 4.9536266 ], [ -74.9966409, 4.9536079 ], [ -74.9966203, 4.9535874 ], [ -74.9966072, 4.9536322 ], [ -74.9965135, 4.9535911 ], [ -74.9965416, 4.9535501 ], [ -74.9964367, 4.9535034 ], [ -74.9963879, 4.9535445 ], [ -74.9962568, 4.9534044 ], [ -74.996405678544463, 4.953263465567586 ], [ -74.996559429973942, 4.953469606373027 ], [ -74.996573553858937, 4.953481885498807 ], [ -74.996654232773835, 4.953526100236674 ], [ -74.9966503, 4.9535445 ], [ -74.9967327, 4.9535949 ], [ -74.996748393788238, 4.953577703615012 ], [ -74.996824550087041, 4.95361943980832 ], [ -74.9968452, 4.9536322 ], [ -74.996991969597929, 4.953728005430795 ], [ -74.997002259387472, 4.953749110314468 ], [ -74.9969913, 4.9537685 ] ] ] ] } },
{ "type": "Feature", "properties": { "fid": 51, "osm_id": null, "osm_way_id": "837122155", "name": null, "type": null, "aeroway": null, "amenity": null, "admin_level": null, "barrier": null, "boundary": null, "building": "terrace", "craft": null, "geological": null, "historic": null, "land_area": null, "landuse": null, "leisure": null, "man_made": null, "military": null, "natural": null, "office": null, "place": null, "shop": null, "sport": null, "tourism": null, "other_tags": null }, "geometry": { "type": "MultiPolygon", "coordinates": [ [ [ [ -74.9967271, 4.9533906 ], [ -74.9967666, 4.953239 ], [ -74.9966733, 4.9532149 ], [ -74.9966338, 4.9533665 ], [ -74.9967271, 4.9533906 ] ] ] ] } },
{ "type": "Feature", "properties": { "fid": 52, "osm_id": null, "osm_way_id": "837122156", "name": null, "type": null, "aeroway": null, "amenity": null, "admin_level": null, "barrier": null, "boundary": null, "building": "terrace", "craft": null, "geological": null, "historic": null, "land_area": null, "landuse": null, "leisure": null, "man_made": null, "military": null, "natural": null, "office": null, "place": null, "shop": null, "sport": null, "tourism": null, "other_tags": null }, "geometry": { "type": "MultiPolygon", "coordinates": [ [ [ [ -74.9962269, 4.9530868 ], [ -74.9962641, 4.9531834 ], [ -74.9960295, 4.9532731 ], [ -74.9959872, 4.9531635 ], [ -74.9961656, 4.9530953 ], [ -74.9961448, 4.9530413 ], [ -74.996255, 4.9529992 ], [ -74.9962808, 4.9530662 ], [ -74.9962269, 4.9530868 ] ] ] ] } },
{ "type": "Feature", "properties": { "fid": 53, "osm_id": null, "osm_way_id": "837122157", "name": null, "type": null, "aeroway": null, "amenity": null, "admin_level": null, "barrier": null, "boundary": null, "building": "terrace", "craft": null, "geological": null, "historic": null, "land_area": null, "landuse": null, "leisure": null, "man_made": null, "military": null, "natural": null, "office": null, "place": null, "shop": null, "sport": null, "tourism": null, "other_tags": null }, "geometry": { "type": "MultiPolygon", "coordinates": [ [ [ [ -74.996184, 4.9532581 ], [ -74.9960102, 4.953327 ], [ -74.9960365, 4.9533927 ], [ -74.9962103, 4.9533238 ], [ -74.996184, 4.9532581 ] ] ] ] } },
{ "type": "Feature", "properties": { "fid": 54, "osm_id": null, "osm_way_id": "837122158", "name": null, "type": null, "aeroway": null, "amenity": null, "admin_level": null, "barrier": null, "boundary": null, "building": "terrace", "craft": null, "geological": null, "historic": null, "land_area": null, "landuse": null, "leisure": null, "man_made": null, "military": null, "natural": null, "office": null, "place": null, "shop": null, "sport": null, "tourism": null, "other_tags": null }, "geometry": { "type": "MultiPolygon", "coordinates": [ [ [ [ -74.9962512, 4.9532662 ], [ -74.9962326, 4.9532141 ], [ -74.9962993, 4.9531906 ], [ -74.9963179, 4.9532427 ], [ -74.9962512, 4.9532662 ] ] ] ] } },
{ "type": "Feature", "properties": { "fid": 55, "osm_id": null, "osm_way_id": "837122159", "name": null, "type": null, "aeroway": null, "amenity": null, "admin_level": null, "barrier": null, "boundary": null, "building": "terrace", "craft": null, "geological": null, "historic": null, "land_area": null, "landuse": null, "leisure": null, "man_made": null, "military": null, "natural": null, "office": null, "place": null, "shop": null, "sport": null, "tourism": null, "other_tags": null }, "geometry": { "type": "MultiPolygon", "coordinates": [ [ [ [ -74.9965622, 4.9530889 ], [ -74.9964816, 4.9530945 ], [ -74.996476, 4.9530516 ], [ -74.9964367, 4.9530479 ], [ -74.9964236, 4.9525625 ], [ -74.9964273, 4.9524001 ], [ -74.9965397, 4.9523963 ], [ -74.9965379, 4.9524673 ], [ -74.9965753, 4.9524747 ], [ -74.9965716, 4.9527342 ], [ -74.9964966, 4.9527361 ], [ -74.9964948, 4.9528276 ], [ -74.9965641, 4.9528332 ], [ -74.9965622, 4.9530889 ] ] ] ] } },
{ "type": "Feature", "properties": { "fid": 56, "osm_id": null, "osm_way_id": "837122160", "name": null, "type": null, "aeroway": null, "amenity": null, "admin_level": null, "barrier": null, "boundary": null, "building": "terrace", "craft": null, "geological": null, "historic": null, "land_area": null, "landuse": null, "leisure": null, "man_made": null, "military": null, "natural": null, "office": null, "place": null, "shop": null, "sport": null, "tourism": null, "other_tags": null }, "geometry": { "type": "MultiPolygon", "coordinates": [ [ [ [ -74.9963055, 4.9528668 ], [ -74.9961237, 4.9528742 ], [ -74.9961406, 4.9526222 ], [ -74.9961856, 4.9526316 ], [ -74.9962043, 4.9524859 ], [ -74.9961799, 4.9524822 ], [ -74.9961837, 4.9523758 ], [ -74.9962249, 4.9523814 ], [ -74.996223, 4.9522824 ], [ -74.9961425, 4.9522899 ], [ -74.996135, 4.9522022 ], [ -74.996281833417797, 4.952187506862797 ], [ -74.996311362186688, 4.952323942707389 ], [ -74.996325821464964, 4.952398660676974 ], [ -74.996325312000607, 4.952417952393988 ], [ -74.9963055, 4.9528668 ] ] ] ] } },
{ "type": "Feature", "properties": { "fid": 57, "osm_id": null, "osm_way_id": "837122161", "name": null, "type": null, "aeroway": null, "amenity": null, "admin_level": null, "barrier": null, "boundary": null, "building": "terrace", "craft": null, "geological": null, "historic": null, "land_area": null, "landuse": null, "leisure": null, "man_made": null, "military": null, "natural": null, "office": null, "place": null, "shop": null, "sport": null, "tourism": null, "other_tags": null }, "geometry": { "type": "MultiPolygon", "coordinates": [ [ [ [ -74.9964699, 4.9521302 ], [ -74.996360750669425, 4.952136126660484 ], [ -74.996358938663718, 4.952127754400584 ], [ -74.9963506, 4.9519751 ], [ -74.9966223, 4.9519604 ], [ -74.9966274, 4.9520547 ], [ -74.9965725, 4.9520576 ], [ -74.9965763, 4.9521264 ], [ -74.9965348, 4.9521286 ], [ -74.9965393, 4.9522113 ], [ -74.9964745, 4.9522148 ], [ -74.9964699, 4.9521302 ] ] ] ] } },
{ "type": "Feature", "properties": { "fid": 58, "osm_id": null, "osm_way_id": "837122162", "name": null, "type": null, "aeroway": null, "amenity": null, "admin_level": null, "barrier": null, "boundary": null, "building": "terrace", "craft": null, "geological": null, "historic": null, "land_area": null, "landuse": null, "leisure": null, "man_made": null, "military": null, "natural": null, "office": null, "place": null, "shop": null, "sport": null, "tourism": null, "other_tags": null }, "geometry": { "type": "MultiPolygon", "coordinates": [ [ [ [ -74.9963397, 4.9519219 ], [ -74.9963384, 4.9518896 ], [ -74.996302206004785, 4.95189108982547 ], [ -74.996296779089832, 4.951883612742654 ], [ -74.9962949, 4.9518386 ], [ -74.9963397, 4.9518368 ], [ -74.9963371, 4.9517747 ], [ -74.9963836, 4.9517728 ], [ -74.9963866, 4.9518441 ], [ -74.9965092, 4.951839 ], [ -74.9965079, 4.951806 ], [ -74.9965649, 4.9518037 ], [ -74.9965694, 4.9519124 ], [ -74.9963397, 4.9519219 ] ] ] ] } },
{ "type": "Feature", "properties": { "fid": 59, "osm_id": null, "osm_way_id": "837122163", "name": null, "type": null, "aeroway": null, "amenity": null, "admin_level": null, "barrier": null, "boundary": null, "building": "terrace", "craft": null, "geological": null, "historic": null, "land_area": null, "landuse": null, "leisure": null, "man_made": null, "military": null, "natural": null, "office": null, "place": null, "shop": null, "sport": null, "tourism": null, "other_tags": null }, "geometry": { "type": "MultiPolygon", "coordinates": [ [ [ [ -74.9967464, 4.9518889 ], [ -74.9967483, 4.9517555 ], [ -74.9966864, 4.9517546 ], [ -74.9966844, 4.951888 ], [ -74.9967464, 4.9518889 ] ] ] ] } },
{ "type": "Feature", "properties": { "fid": 60, "osm_id": null, "osm_way_id": "837122164", "name": null, "type": null, "aeroway": null, "amenity": null, "admin_level": null, "barrier": null, "boundary": null, "building": "terrace", "craft": null, "geological": null, "historic": null, "land_area": null, "landuse": null, "leisure": null, "man_made": null, "military": null, "natural": null, "office": null, "place": null, "shop": null, "sport": null, "tourism": null, "other_tags": null }, "geometry": { "type": "MultiPolygon", "coordinates": [ [ [ [ -74.995854708703348, 4.951302405001069 ], [ -74.995847816288716, 4.951288975423273 ], [ -74.995840171478605, 4.951059914260697 ], [ -74.995891171478604, 4.951058214260698 ], [ -74.995893971478594, 4.951142814260698 ], [ -74.995933071478603, 4.951141614260697 ], [ -74.995935871478594, 4.951224614260697 ], [ -74.995910371478601, 4.951225514260697 ], [ -74.995912871478595, 4.951300514260698 ], [ -74.995854708703348, 4.951302405001069 ] ] ] ] } },
{ "type": "Feature", "properties": { "fid": 61, "osm_id": null, "osm_way_id": "837122165", "name": null, "type": null, "aeroway": null, "amenity": null, "admin_level": null, "barrier": null, "boundary": null, "building": "terrace", "craft": null, "geological": null, "historic": null, "land_area": null, "landuse": null, "leisure": null, "man_made": null, "military": null, "natural": null, "office": null, "place": null, "shop": null, "sport": null, "tourism": null, "other_tags": null }, "geometry": { "type": "MultiPolygon", "coordinates": [ [ [ [ -74.995760385739302, 4.951312566647209 ], [ -74.995659185739299, 4.951361066647209 ], [ -74.995559885739297, 4.951191166647209 ], [ -74.9955935857393, 4.951176266647209 ], [ -74.995599185739295, 4.951138966647209 ], [ -74.995576685739294, 4.951110866647209 ], [ -74.995550485739301, 4.951133366647209 ], [ -74.995505485739301, 4.951099666647209 ], [ -74.995527985739301, 4.951073566647209 ], [ -74.995411785739293, 4.950944766647209 ], [ -74.995445118822602, 4.950916051646494 ], [ -74.995606261686035, 4.951069078390846 ], [ -74.995682708192504, 4.951143888742012 ], [ -74.995718096608812, 4.951228651832484 ], [ -74.995719554485959, 4.951231790513454 ], [ -74.995756083277499, 4.951302965315687 ], [ -74.995760385739302, 4.951312566647209 ] ] ] ] } },
{ "type": "Feature", "properties": { "fid": 62, "osm_id": null, "osm_way_id": "837122166", "name": null, "type": null, "aeroway": null, "amenity": null, "admin_level": null, "barrier": null, "boundary": null, "building": "terrace", "craft": null, "geological": null, "historic": null, "land_area": null, "landuse": null, "leisure": null, "man_made": null, "military": null, "natural": null, "office": null, "place": null, "shop": null, "sport": null, "tourism": null, "other_tags": null }, "geometry": { "type": "MultiPolygon", "coordinates": [ [ [ [ -74.995823355603676, 4.950981240640433 ], [ -74.995823069114678, 4.950979983639755 ], [ -74.995817478286682, 4.95096958353942 ], [ -74.99575104959014, 4.950878059557555 ], [ -74.995747683296045, 4.950873965101902 ], [ -74.995698126976677, 4.950820596757955 ], [ -74.9957152, 4.9508001 ], [ -74.9957677, 4.9508487 ], [ -74.9958108, 4.9508188 ], [ -74.9958239, 4.9508655 ], [ -74.9958651, 4.950858 ], [ -74.9959026, 4.9509476 ], [ -74.995823355603676, 4.950981240640433 ] ] ] ] } },
{ "type": "Feature", "properties": { "fid": 63, "osm_id": null, "osm_way_id": "837122167", "name": null, "type": null, "aeroway": null, "amenity": null, "admin_level": null, "barrier": null, "boundary": null, "building": "terrace", "craft": null, "geological": null, "historic": null, "land_area": null, "landuse": null, "leisure": null, "man_made": null, "military": null, "natural": null, "office": null, "place": null, "shop": null, "sport": null, "tourism": null, "other_tags": null }, "geometry": { "type": "MultiPolygon", "coordinates": [ [ [ [ -74.995669747039301, 4.950790033748481 ], [ -74.995654436395427, 4.950773545362771 ], [ -74.9956511, 4.9506878 ], [ -74.9956782, 4.9506867 ], [ -74.9956761, 4.9506321 ], [ -74.9957499, 4.9506292 ], [ -74.995754, 4.9507342 ], [ -74.9957306, 4.9507351 ], [ -74.9957327, 4.9507876 ], [ -74.995669747039301, 4.950790033748481 ] ] ] ] } },
{ "type": "Feature", "properties": { "fid": 64, "osm_id": null, "osm_way_id": "837122168", "name": null, "type": null, "aeroway": null, "amenity": null, "admin_level": null, "barrier": null, "boundary": null, "building": "terrace", "craft": null, "geological": null, "historic": null, "land_area": null, "landuse": null, "leisure": null, "man_made": null, "military": null, "natural": null, "office": null, "place": null, "shop": null, "sport": null, "tourism": null, "other_tags": null }, "geometry": { "type": "MultiPolygon", "coordinates": [ [ [ [ -74.9955428, 4.9503633 ], [ -74.9955859, 4.9504492 ], [ -74.9955466, 4.9504641 ], [ -74.9955803, 4.9505313 ], [ -74.9955485, 4.9505425 ], [ -74.9956009, 4.9506433 ], [ -74.995561686971129, 4.950664889195673 ], [ -74.995408259336429, 4.950416618989874 ], [ -74.9955428, 4.9503633 ] ] ] ] } },
{ "type": "Feature", "properties": { "fid": 65, "osm_id": null, "osm_way_id": "837122169", "name": null, "type": null, "aeroway": null, "amenity": null, "admin_level": null, "barrier": null, "boundary": null, "building": "terrace", "craft": null, "geological": null, "historic": null, "land_area": null, "landuse": null, "leisure": null, "man_made": null, "military": null, "natural": null, "office": null, "place": null, "shop": null, "sport": null, "tourism": null, "other_tags": null }, "geometry": { "type": "MultiPolygon", "coordinates": [ [ [ [ -74.995398014164195, 4.950400040679035 ], [ -74.995393829430526, 4.950393269117367 ], [ -74.995392602510094, 4.950391392435874 ], [ -74.995231895460833, 4.950158742884629 ], [ -74.9953562, 4.9500809 ], [ -74.9954072, 4.9501617 ], [ -74.9953791, 4.9501793 ], [ -74.9954107, 4.9502295 ], [ -74.9954504, 4.9502047 ], [ -74.9954862, 4.9502614 ], [ -74.9954432, 4.9502883 ], [ -74.9954806, 4.9503479 ], [ -74.995398014164195, 4.950400040679035 ] ] ] ] } },
{ "type": "Feature", "properties": { "fid": 66, "osm_id": null, "osm_way_id": "837122170", "name": null, "type": null, "aeroway": null, "amenity": null, "admin_level": null, "barrier": null, "boundary": null, "building": "terrace", "craft": null, "geological": null, "historic": null, "land_area": null, "landuse": null, "leisure": null, "man_made": null, "military": null, "natural": null, "office": null, "place": null, "shop": null, "sport": null, "tourism": null, "other_tags": null }, "geometry": { "type": "MultiPolygon", "coordinates": [ [ [ [ -74.9954641, 4.9506956 ], [ -74.9954341, 4.9507161 ], [ -74.9954154, 4.9506695 ], [ -74.995391, 4.95069 ], [ -74.9953629, 4.9506265 ], [ -74.995318, 4.9506527 ], [ -74.9951905, 4.950438 ], [ -74.995277544656759, 4.950379660661671 ], [ -74.99531956011387, 4.950440484858798 ], [ -74.995424727331454, 4.950610662068434 ], [ -74.9954641, 4.9506956 ] ] ] ] } },
{ "type": "Feature", "properties": { "fid": 67, "osm_id": null, "osm_way_id": "837122171", "name": null, "type": null, "aeroway": null, "amenity": null, "admin_level": null, "barrier": null, "boundary": null, "building": "terrace", "craft": null, "geological": null, "historic": null, "land_area": null, "landuse": null, "leisure": null, "man_made": null, "military": null, "natural": null, "office": null, "place": null, "shop": null, "sport": null, "tourism": null, "other_tags": null }, "geometry": { "type": "MultiPolygon", "coordinates": [ [ [ [ -74.9951512, 4.9504622 ], [ -74.9952261, 4.9503913 ], [ -74.995095, 4.9502214 ], [ -74.9950706, 4.9502382 ], [ -74.9947858, 4.9500217 ], [ -74.9947258, 4.9500907 ], [ -74.9951512, 4.9504622 ] ] ] ] } },
{ "type": "Feature", "properties": { "fid": 68, "osm_id": null, "osm_way_id": "837122172", "name": null, "type": null, "aeroway": null, "amenity": null, "admin_level": null, "barrier": null, "boundary": null, "building": "terrace", "craft": null, "geological": null, "historic": null, "land_area": null, "landuse": null, "leisure": null, "man_made": null, "military": null, "natural": null, "office": null, "place": null, "shop": null, "sport": null, "tourism": null, "other_tags": null }, "geometry": { "type": "MultiPolygon", "coordinates": [ [ [ [ -74.994981871420222, 4.950078938125815 ], [ -74.994849871420229, 4.949943438125815 ], [ -74.994874571420226, 4.949922038125814 ], [ -74.994825071420223, 4.949851238125815 ], [ -74.994801471420232, 4.949878038125815 ], [ -74.994719671420228, 4.949785838125814 ], [ -74.994747571420234, 4.949754738125814 ], [ -74.994704571420229, 4.949718338125814 ], [ -74.994614171420224, 4.949663638125815 ], [ -74.994568971420222, 4.949711838125815 ], [ -74.994522671420228, 4.949675438125815 ], [ -74.99454417142023, 4.949643238125815 ], [ -74.994478571420231, 4.949588538125814 ], [ -74.994426871420231, 4.949638938125815 ], [ -74.99437087142023, 4.949591738125815 ], [ -74.994404271420223, 4.949545638125815 ], [ -74.994314971420224, 4.949466338125815 ], [ -74.994282671420223, 4.949499538125814 ], [ -74.994232071420228, 4.949444838125815 ], [ -74.994122271420224, 4.949560738125815 ], [ -74.99409967142023, 4.949539238125815 ], [ -74.994076071420224, 4.949570338125815 ], [ -74.994025295293838, 4.949522624686422 ], [ -74.994186544199835, 4.949398462428698 ], [ -74.994189233542386, 4.949395618886101 ], [ -74.994192284653423, 4.949393167555888 ], [ -74.99420926116558, 4.949374458746575 ], [ -74.994339195216682, 4.949274258070355 ], [ -74.994409461820979, 4.949341572901313 ], [ -74.994409865259797, 4.949341954539042 ], [ -74.994535765259798, 4.949459554539042 ], [ -74.994536630969748, 4.949460341883274 ], [ -74.994790494789072, 4.949685130532027 ], [ -74.994940693915325, 4.9498730500099 ], [ -74.99504233604894, 4.950034234856114 ], [ -74.994981871420222, 4.950078938125815 ] ] ] ] } },
{ "type": "Feature", "properties": { "fid": 69, "osm_id": null, "osm_way_id": "837122173", "name": "IE.  Juan XXIII", "type": null, "aeroway": null, "amenity": "school", "admin_level": null, "barrier": null, "boundary": null, "building": "terrace", "craft": null, "geological": null, "historic": null, "land_area": null, "landuse": null, "leisure": null, "man_made": null, "military": null, "natural": null, "office": null, "place": null, "shop": null, "sport": null, "tourism": null, "other_tags": null }, "geometry": { "type": "MultiPolygon", "coordinates": [ [ [ [ -74.9945256, 4.9489582 ], [ -74.994545982944416, 4.948980930979681 ], [ -74.99436909471757, 4.94913470484593 ], [ -74.9943327, 4.9490918 ], [ -74.9943581, 4.9490718 ], [ -74.994233, 4.9489348 ], [ -74.9943995, 4.9488105 ], [ -74.9945256, 4.9489582 ] ] ] ] } },
{ "type": "Feature", "properties": { "fid": 70, "osm_id": null, "osm_way_id": "837122174", "name": null, "type": null, "aeroway": null, "amenity": null, "admin_level": null, "barrier": null, "boundary": null, "building": null, "craft": null, "geological": null, "historic": null, "land_area": null, "landuse": null, "leisure": "park", "man_made": null, "military": null, "natural": null, "office": null, "place": null, "shop": null, "sport": null, "tourism": null, "other_tags": null }, "geometry": { "type": "MultiPolygon", "coordinates": [ [ [ [ -74.993911288653621, 4.948959067223868 ], [ -74.993999056906972, 4.948878028253382 ], [ -74.994279006841396, 4.949209545741301 ], [ -74.994185639034058, 4.949281547786583 ], [ -74.993911288653621, 4.948959067223868 ] ] ] ] } },
{ "type": "Feature", "properties": { "fid": 71, "osm_id": null, "osm_way_id": "837122175", "name": null, "type": null, "aeroway": null, "amenity": null, "admin_level": null, "barrier": null, "boundary": null, "building": "terrace", "craft": null, "geological": null, "historic": null, "land_area": null, "landuse": null, "leisure": null, "man_made": null, "military": null, "natural": null, "office": null, "place": null, "shop": null, "sport": null, "tourism": null, "other_tags": null }, "geometry": { "type": "MultiPolygon", "coordinates": [ [ [ [ -74.9941514, 4.9488145 ], [ -74.9941016, 4.9487777 ], [ -74.9940707, 4.9488058 ], [ -74.9940428, 4.9487705 ], [ -74.994030335449096, 4.948780685713349 ], [ -74.9940261994862, 4.948777113052537 ], [ -74.994025293163503, 4.948776731686416 ], [ -74.994024521317328, 4.948776122494863 ], [ -74.99401896790819, 4.94877407011994 ], [ -74.99401351082038, 4.948771773864498 ], [ -74.994012531007698, 4.948771691232879 ], [ -74.994011608687799, 4.948771350370865 ], [ -74.994005692863098, 4.948771114544122 ], [ -74.993999793282242, 4.948770617008292 ], [ -74.993998835890423, 4.948770841199726 ], [ -74.993997853379923, 4.948770802033208 ], [ -74.993992154221829, 4.948772405839017 ], [ -74.993986389639986, 4.948773755725067 ], [ -74.993985548385226, 4.948774264794132 ], [ -74.993984601859083, 4.948774531157003 ], [ -74.993979677240915, 4.948777817603657 ], [ -74.993974611935485, 4.948780882775353 ], [ -74.993973969165637, 4.948781626890837 ], [ -74.993973151276464, 4.948782172709629 ], [ -74.993858306282945, 4.948888212418575 ], [ -74.993782737660695, 4.948775584711887 ], [ -74.993778071765504, 4.948769765357041 ], [ -74.993681371765504, 4.948668165357041 ], [ -74.993676611272022, 4.948663844857102 ], [ -74.99345454255193, 4.948490116949061 ], [ -74.9936088, 4.9483036 ], [ -74.993791, 4.948423 ], [ -74.9939076, 4.9485377 ], [ -74.9939734, 4.9485956 ], [ -74.9940446, 4.9486172 ], [ -74.9940957, 4.9486783 ], [ -74.9941972, 4.9487709 ], [ -74.9941514, 4.9488145 ] ] ] ] } },
{ "type": "Feature", "properties": { "fid": 72, "osm_id": null, "osm_way_id": "837122176", "name": null, "type": null, "aeroway": null, "amenity": null, "admin_level": null, "barrier": null, "boundary": null, "building": "terrace", "craft": null, "geological": null, "historic": null, "land_area": null, "landuse": null, "leisure": null, "man_made": null, "military": null, "natural": null, "office": null, "place": null, "shop": null, "sport": null, "tourism": null, "other_tags": null }, "geometry": { "type": "MultiPolygon", "coordinates": [ [ [ [ -74.993904176193254, 4.9494055 ], [ -74.993844976193245, 4.9494548 ], [ -74.993791176193241, 4.9493873 ], [ -74.993888076193244, 4.9493197 ], [ -74.993824576193248, 4.9492382 ], [ -74.993787976193246, 4.949264 ], [ -74.993682898536576, 4.949129542707094 ], [ -74.993683543262549, 4.949129814813524 ], [ -74.99369725954935, 4.949130986413022 ], [ -74.993710666557448, 4.949127862104638 ], [ -74.99372245191546, 4.949120747717446 ], [ -74.993845263347112, 4.949017265532238 ], [ -74.994119196300275, 4.949339255437052 ], [ -74.99395602413432, 4.949464898612101 ], [ -74.993904176193254, 4.9494055 ] ] ] ] } },
{ "type": "Feature", "properties": { "fid": 73, "osm_id": null, "osm_way_id": "837122177", "name": null, "type": null, "aeroway": null, "amenity": null, "admin_level": null, "barrier": null, "boundary": null, "building": "terrace", "craft": null, "geological": null, "historic": null, "land_area": null, "landuse": null, "leisure": null, "man_made": null, "military": null, "natural": null, "office": null, "place": null, "shop": null, "sport": null, "tourism": null, "other_tags": null }, "geometry": { "type": "MultiPolygon", "coordinates": [ [ [ [ -74.9946435615919, 4.949033604875472 ], [ -74.994627402075807, 4.949053419717107 ], [ -74.994438770517576, 4.949247785537767 ], [ -74.994407550863315, 4.949217877364885 ], [ -74.994632682561047, 4.949022164104637 ], [ -74.9946435615919, 4.949033604875472 ] ] ] ] } },
{ "type": "Feature", "properties": { "fid": 74, "osm_id": null, "osm_way_id": "837122178", "name": null, "type": null, "aeroway": null, "amenity": null, "admin_level": null, "barrier": null, "boundary": null, "building": "terrace", "craft": null, "geological": null, "historic": null, "land_area": null, "landuse": null, "leisure": null, "man_made": null, "military": null, "natural": null, "office": null, "place": null, "shop": null, "sport": null, "tourism": null, "other_tags": null }, "geometry": { "type": "MultiPolygon", "coordinates": [ [ [ [ -74.9945308, 4.9488895 ], [ -74.9945689, 4.9488473 ], [ -74.994638332746476, 4.948909594800569 ], [ -74.994614102429239, 4.94892299787695 ], [ -74.994606532624687, 4.948928293454835 ], [ -74.994590074069308, 4.948942601335795 ], [ -74.9945308, 4.9488895 ] ] ] ] } },
{ "type": "Feature", "properties": { "fid": 75, "osm_id": null, "osm_way_id": "837122179", "name": null, "type": null, "aeroway": null, "amenity": null, "admin_level": null, "barrier": null, "boundary": null, "building": "terrace", "craft": null, "geological": null, "historic": null, "land_area": null, "landuse": null, "leisure": null, "man_made": null, "military": null, "natural": null, "office": null, "place": null, "shop": null, "sport": null, "tourism": null, "other_tags": null }, "geometry": { "type": "MultiPolygon", "coordinates": [ [ [ [ -74.9949693, 4.9488272 ], [ -74.9949407, 4.9488594 ], [ -74.9949687, 4.9488841 ], [ -74.9948978, 4.9489638 ], [ -74.994849085322016, 4.94892083074085 ], [ -74.994887633319934, 4.948873563083218 ], [ -74.994954176940524, 4.948813861649414 ], [ -74.9949693, 4.9488272 ] ] ] ] } },
{ "type": "Feature", "properties": { "fid": 76, "osm_id": null, "osm_way_id": "837122180", "name": null, "type": null, "aeroway": null, "amenity": null, "admin_level": null, "barrier": null, "boundary": null, "building": "terrace", "craft": null, "geological": null, "historic": null, "land_area": null, "landuse": null, "leisure": null, "man_made": null, "military": null, "natural": null, "office": null, "place": null, "shop": null, "sport": null, "tourism": null, "other_tags": null }, "geometry": { "type": "MultiPolygon", "coordinates": [ [ [ [ -74.994873, 4.9490362 ], [ -74.994831, 4.9490984 ], [ -74.9947987, 4.9490758 ], [ -74.9947578, 4.9491284 ], [ -74.9947384, 4.9491091 ], [ -74.9946394, 4.9492388 ], [ -74.9946782, 4.9492774 ], [ -74.9947879, 4.9493761 ], [ -74.9948138, 4.9493514 ], [ -74.9948859, 4.9494361 ], [ -74.9948611, 4.9494576 ], [ -74.9949935, 4.9496109 ], [ -74.9950366, 4.9495884 ], [ -74.9950958, 4.949731 ], [ -74.9951722, 4.9499004 ], [ -74.9951496, 4.9499122 ], [ -74.995198, 4.9499872 ], [ -74.995139575868649, 4.950023458192067 ], [ -74.995013818059562, 4.949824030529564 ], [ -74.995010970398766, 4.949820028638748 ], [ -74.994856870398763, 4.949627228638748 ], [ -74.994851669030254, 4.949621758116726 ], [ -74.994595407120812, 4.949394846032513 ], [ -74.994502709440582, 4.94930825947814 ], [ -74.994691874981015, 4.949113343442599 ], [ -74.994694398463054, 4.949110508178967 ], [ -74.994799484527206, 4.948981651367451 ], [ -74.994873, 4.9490362 ] ] ] ] } },
{ "type": "Feature", "properties": { "fid": 77, "osm_id": null, "osm_way_id": "837122181", "name": null, "type": null, "aeroway": null, "amenity": null, "admin_level": null, "barrier": null, "boundary": null, "building": "terrace", "craft": null, "geological": null, "historic": null, "land_area": null, "landuse": null, "leisure": null, "man_made": null, "military": null, "natural": null, "office": null, "place": null, "shop": null, "sport": null, "tourism": null, "other_tags": null }, "geometry": { "type": "MultiPolygon", "coordinates": [ [ [ [ -74.9945542, 4.9499383 ], [ -74.9944507, 4.9499012 ], [ -74.994475, 4.9498339 ], [ -74.9945785, 4.949871 ], [ -74.9945542, 4.9499383 ] ] ] ] } },
{ "type": "Feature", "properties": { "fid": 78, "osm_id": null, "osm_way_id": "837122182", "name": null, "type": null, "aeroway": null, "amenity": null, "admin_level": null, "barrier": null, "boundary": null, "building": "house", "craft": null, "geological": null, "historic": null, "land_area": null, "landuse": null, "leisure": null, "man_made": null, "military": null, "natural": null, "office": null, "place": null, "shop": null, "sport": null, "tourism": null, "other_tags": null }, "geometry": { "type": "MultiPolygon", "coordinates": [ [ [ [ -74.9956194, 4.9509598 ], [ -74.9956649, 4.9509234 ], [ -74.9957126, 4.9509826 ], [ -74.995674696775083, 4.951012922579942 ], [ -74.995667574349895, 4.951005952593297 ], [ -74.995667098838027, 4.951005494194657 ], [ -74.995620764718581, 4.95096149373878 ], [ -74.9956194, 4.9509598 ] ] ] ] } },
{ "type": "Feature", "properties": { "fid": 79, "osm_id": null, "osm_way_id": "837122183", "name": null, "type": null, "aeroway": null, "amenity": null, "admin_level": null, "barrier": null, "boundary": null, "building": "terrace", "craft": null, "geological": null, "historic": null, "land_area": null, "landuse": null, "leisure": null, "man_made": null, "military": null, "natural": null, "office": null, "place": null, "shop": null, "sport": null, "tourism": null, "other_tags": null }, "geometry": { "type": "MultiPolygon", "coordinates": [ [ [ [ -74.9933309, 4.9501195 ], [ -74.9933503, 4.9501077 ], [ -74.9932685, 4.9500595 ], [ -74.9933406, 4.9499555 ], [ -74.9933847, 4.9499823 ], [ -74.9933514, 4.950038 ], [ -74.9933708, 4.9500552 ], [ -74.9934838, 4.9499726 ], [ -74.993544376233089, 4.950043763672057 ], [ -74.993544123749814, 4.950044042323859 ], [ -74.993538611469262, 4.950055672078105 ], [ -74.993536700115143, 4.950068399338067 ], [ -74.993538553215288, 4.950081135210263 ], [ -74.99354401222584, 4.950092790064378 ], [ -74.993549105698875, 4.950100483258827 ], [ -74.993430672749199, 4.950202817740627 ], [ -74.99342758677372, 4.950205111199018 ], [ -74.9933309, 4.9501195 ] ] ] ] } },
{ "type": "Feature", "properties": { "fid": 80, "osm_id": null, "osm_way_id": "837122184", "name": null, "type": null, "aeroway": null, "amenity": null, "admin_level": null, "barrier": null, "boundary": null, "building": "terrace", "craft": null, "geological": null, "historic": null, "land_area": null, "landuse": null, "leisure": null, "man_made": null, "military": null, "natural": null, "office": null, "place": null, "shop": null, "sport": null, "tourism": null, "other_tags": null }, "geometry": { "type": "MultiPolygon", "coordinates": [ [ [ [ -74.993117, 4.9502206 ], [ -74.99318, 4.950192 ], [ -74.993227564222678, 4.950296215918777 ], [ -74.993157148369917, 4.950308746522968 ], [ -74.993117, 4.9502206 ] ] ] ] } },
{ "type": "Feature", "properties": { "fid": 81, "osm_id": null, "osm_way_id": "837122185", "name": null, "type": null, "aeroway": null, "amenity": null, "admin_level": null, "barrier": null, "boundary": null, "building": "terrace", "craft": null, "geological": null, "historic": null, "land_area": null, "landuse": null, "leisure": null, "man_made": null, "military": null, "natural": null, "office": null, "place": null, "shop": null, "sport": null, "tourism": null, "other_tags": null }, "geometry": { "type": "MultiPolygon", "coordinates": [ [ [ [ -74.993624495226982, 4.948979571420232 ], [ -74.993596295226979, 4.949007571420232 ], [ -74.993519495226977, 4.948933771420232 ], [ -74.993581395226983, 4.948866571420232 ], [ -74.993529795226976, 4.948816171420233 ], [ -74.993480195226979, 4.948881471420232 ], [ -74.993423995226976, 4.948847871420233 ], [ -74.993480195226979, 4.948768571420232 ], [ -74.993374295226985, 4.948680771420232 ], [ -74.993310595226987, 4.948748971420232 ], [ -74.993243095226987, 4.948693871420232 ], [ -74.993367314647216, 4.948540564807923 ], [ -74.993401968755805, 4.948560717076691 ], [ -74.993619850243221, 4.948731169245702 ], [ -74.993711747770632, 4.948827723421346 ], [ -74.993791888350216, 4.948947165187287 ], [ -74.993676326615542, 4.949044538702685 ], [ -74.993624495226982, 4.948979571420232 ] ] ] ] } },
{ "type": "Feature", "properties": { "fid": 82, "osm_id": null, "osm_way_id": "837122186", "name": null, "type": null, "aeroway": null, "amenity": null, "admin_level": null, "barrier": null, "boundary": null, "building": "terrace", "craft": null, "geological": null, "historic": null, "land_area": null, "landuse": null, "leisure": null, "man_made": null, "military": null, "natural": null, "office": null, "place": null, "shop": null, "sport": null, "tourism": null, "other_tags": null }, "geometry": { "type": "MultiPolygon", "coordinates": [ [ [ [ -74.993279766530463, 4.948506152386511 ], [ -74.99286746653047, 4.948275652386512 ], [ -74.992631366530475, 4.948119752386511 ], [ -74.992481466530464, 4.948009552386512 ], [ -74.992274466530475, 4.948214952386511 ], [ -74.992362466530466, 4.948272852386511 ], [ -74.992423366530474, 4.948201852386512 ], [ -74.992532966530462, 4.948278452386512 ], [ -74.992497366530472, 4.948326952386512 ], [ -74.992642666530472, 4.948393252386511 ], [ -74.992703566530466, 4.948311052386511 ], [ -74.992810366530463, 4.948368952386511 ], [ -74.992790666530468, 4.948397852386512 ], [ -74.992846866530471, 4.948425952386511 ], [ -74.992868466530467, 4.948394152386511 ], [ -74.992905866530464, 4.948417552386512 ], [ -74.992858166530468, 4.948497752386511 ], [ -74.992943366530469, 4.948540752386512 ], [ -74.99296966653047, 4.948477252386511 ], [ -74.993046466530473, 4.948518352386511 ], [ -74.993067966530461, 4.948470752386512 ], [ -74.993104566530462, 4.948493152386511 ], [ -74.993067066530472, 4.948539752386512 ], [ -74.993114866530462, 4.948559352386511 ], [ -74.993142066530467, 4.948519252386511 ], [ -74.993176666530474, 4.948536052386511 ], [ -74.993136366530464, 4.948592952386512 ], [ -74.993193566530465, 4.948622852386511 ], [ -74.993279766530463, 4.948506152386511 ] ] ] ] } },
{ "type": "Feature", "properties": { "fid": 83, "osm_id": null, "osm_way_id": "837122187", "name": null, "type": null, "aeroway": null, "amenity": null, "admin_level": null, "barrier": null, "boundary": null, "building": "house", "craft": null, "geological": null, "historic": null, "land_area": null, "landuse": null, "leisure": null, "man_made": null, "military": null, "natural": null, "office": null, "place": null, "shop": null, "sport": null, "tourism": null, "other_tags": null }, "geometry": { "type": "MultiPolygon", "coordinates": [ [ [ [ -74.9912844, 4.9480612 ], [ -74.9912797, 4.947938 ], [ -74.9912145, 4.9479405 ], [ -74.9912191, 4.9480636 ], [ -74.9912844, 4.9480612 ] ] ] ] } },
{ "type": "Feature", "properties": { "fid": 84, "osm_id": null, "osm_way_id": "837122188", "name": null, "type": null, "aeroway": null, "amenity": null, "admin_level": null, "barrier": null, "boundary": null, "building": "house", "craft": null, "geological": null, "historic": null, "land_area": null, "landuse": null, "leisure": null, "man_made": null, "military": null, "natural": null, "office": null, "place": null, "shop": null, "sport": null, "tourism": null, "other_tags": null }, "geometry": { "type": "MultiPolygon", "coordinates": [ [ [ [ -74.9911528, 4.9480803 ], [ -74.9910231, 4.9480822 ], [ -74.9910222, 4.948019 ], [ -74.9911519, 4.9480171 ], [ -74.9911528, 4.9480803 ] ] ] ] } },
{ "type": "Feature", "properties": { "fid": 85, "osm_id": null, "osm_way_id": "837122189", "name": null, "type": null, "aeroway": null, "amenity": null, "admin_level": null, "barrier": null, "boundary": null, "building": "house", "craft": null, "geological": null, "historic": null, "land_area": null, "landuse": null, "leisure": null, "man_made": null, "military": null, "natural": null, "office": null, "place": null, "shop": null, "sport": null, "tourism": null, "other_tags": null }, "geometry": { "type": "MultiPolygon", "coordinates": [ [ [ [ -74.990987, 4.9480713 ], [ -74.9909059, 4.9480789 ], [ -74.9909008, 4.9480255 ], [ -74.9909819, 4.9480178 ], [ -74.990987, 4.9480713 ] ] ] ] } },
{ "type": "Feature", "properties": { "fid": 86, "osm_id": null, "osm_way_id": "837122190", "name": null, "type": null, "aeroway": null, "amenity": null, "admin_level": null, "barrier": null, "boundary": null, "building": "house", "craft": null, "geological": null, "historic": null, "land_area": null, "landuse": null, "leisure": null, "man_made": null, "military": null, "natural": null, "office": null, "place": null, "shop": null, "sport": null, "tourism": null, "other_tags": null }, "geometry": { "type": "MultiPolygon", "coordinates": [ [ [ [ -74.9913086, 4.9482312 ], [ -74.9912976, 4.9481537 ], [ -74.9912454, 4.9481611 ], [ -74.9912563, 4.9482386 ], [ -74.9913086, 4.9482312 ] ] ] ] } },
{ "type": "Feature", "properties": { "fid": 87, "osm_id": null, "osm_way_id": "837122191", "name": null, "type": null, "aeroway": null, "amenity": null, "admin_level": null, "barrier": null, "boundary": null, "building": "house", "craft": null, "geological": null, "historic": null, "land_area": null, "landuse": null, "leisure": null, "man_made": null, "military": null, "natural": null, "office": null, "place": null, "shop": null, "sport": null, "tourism": null, "other_tags": null }, "geometry": { "type": "MultiPolygon", "coordinates": [ [ [ [ -74.9912344, 4.9482438 ], [ -74.9912192, 4.9481846 ], [ -74.9911624, 4.9481991 ], [ -74.9911776, 4.9482583 ], [ -74.9912344, 4.9482438 ] ] ] ] } },
{ "type": "Feature", "properties": { "fid": 88, "osm_id": null, "osm_way_id": "837122192", "name": null, "type": null, "aeroway": null, "amenity": null, "admin_level": null, "barrier": null, "boundary": null, "building": "house", "craft": null, "geological": null, "historic": null, "land_area": null, "landuse": null, "leisure": null, "man_made": null, "military": null, "natural": null, "office": null, "place": null, "shop": null, "sport": null, "tourism": null, "other_tags": null }, "geometry": { "type": "MultiPolygon", "coordinates": [ [ [ [ -74.9908082, 4.9480747 ], [ -74.9908061, 4.9479219 ], [ -74.9907088, 4.9479233 ], [ -74.990711, 4.9480761 ], [ -74.9908082, 4.9480747 ] ] ] ] } },
{ "type": "Feature", "properties": { "fid": 89, "osm_id": null, "osm_way_id": "837122193", "name": null, "type": null, "aeroway": null, "amenity": null, "admin_level": null, "barrier": null, "boundary": null, "building": "terrace", "craft": null, "geological": null, "historic": null, "land_area": null, "landuse": null, "leisure": null, "man_made": null, "military": null, "natural": null, "office": null, "place": null, "shop": null, "sport": null, "tourism": null, "other_tags": null }, "geometry": { "type": "MultiPolygon", "coordinates": [ [ [ [ -74.9922259, 4.9473095 ], [ -74.9921669, 4.9473063 ], [ -74.9921719, 4.9472171 ], [ -74.9922203, 4.9472198 ], [ -74.992238, 4.9469046 ], [ -74.9923017, 4.9469081 ], [ -74.9923116, 4.9467296 ], [ -74.992412849780948, 4.946735214760579 ], [ -74.992368875225907, 4.947226477096081 ], [ -74.992368710385463, 4.94723135593528 ], [ -74.992371209202787, 4.94734634490263 ], [ -74.992235008175598, 4.947345700492469 ], [ -74.992223442743878, 4.947347587469856 ], [ -74.9922259, 4.9473095 ] ] ] ] } },
{ "type": "Feature", "properties": { "fid": 90, "osm_id": null, "osm_way_id": "837122194", "name": null, "type": null, "aeroway": null, "amenity": null, "admin_level": null, "barrier": null, "boundary": null, "building": "terrace", "craft": null, "geological": null, "historic": null, "land_area": null, "landuse": null, "leisure": null, "man_made": null, "military": null, "natural": null, "office": null, "place": null, "shop": null, "sport": null, "tourism": null, "other_tags": null }, "geometry": { "type": "MultiPolygon", "coordinates": [ [ [ [ -74.992459633368227, 4.947364907827511 ], [ -74.992456742724912, 4.947231888063478 ], [ -74.992532306699161, 4.946387724104673 ], [ -74.992532435705598, 4.94638581742922 ], [ -74.992539816671879, 4.946224912364327 ], [ -74.992536242664485, 4.946205418323607 ], [ -74.992528465653848, 4.946187450747291 ], [ -74.9925965, 4.9461778 ], [ -74.992605, 4.946257 ], [ -74.9926774, 4.9462556 ], [ -74.9926788, 4.9463773 ], [ -74.9927243, 4.9463773 ], [ -74.9927172, 4.9466334 ], [ -74.9925865, 4.9466334 ], [ -74.9925865, 4.9466871 ], [ -74.9926263, 4.9466914 ], [ -74.992622, 4.9467734 ], [ -74.9925851, 4.946772 ], [ -74.9925837, 4.9468767 ], [ -74.9925226, 4.9468739 ], [ -74.9925212, 4.946963 ], [ -74.9925638, 4.9469701 ], [ -74.9925482, 4.9472191 ], [ -74.9925908, 4.9472205 ], [ -74.9925823, 4.9473082 ], [ -74.9925368, 4.947304 ], [ -74.9925297, 4.9473705 ], [ -74.992459633368227, 4.947364907827511 ] ] ] ] } },
{ "type": "Feature", "properties": { "fid": 91, "osm_id": null, "osm_way_id": "837122195", "name": null, "type": null, "aeroway": null, "amenity": null, "admin_level": null, "barrier": null, "boundary": null, "building": "house", "craft": null, "geological": null, "historic": null, "land_area": null, "landuse": null, "leisure": null, "man_made": null, "military": null, "natural": null, "office": null, "place": null, "shop": null, "sport": null, "tourism": null, "other_tags": null }, "geometry": { "type": "MultiPolygon", "coordinates": [ [ [ [ -74.992506802533583, 4.947574491056827 ], [ -74.992501349555354, 4.947561052674271 ], [ -74.992483194760823, 4.947479575175111 ], [ -74.9925994, 4.9474593 ], [ -74.9926163, 4.9475554 ], [ -74.992506802533583, 4.947574491056827 ] ] ] ] } },
{ "type": "Feature", "properties": { "fid": 92, "osm_id": null, "osm_way_id": "837122196", "name": null, "type": null, "aeroway": null, "amenity": null, "admin_level": null, "barrier": null, "boundary": null, "building": "house", "craft": null, "geological": null, "historic": null, "land_area": null, "landuse": null, "leisure": null, "man_made": null, "military": null, "natural": null, "office": null, "place": null, "shop": null, "sport": null, "tourism": null, "other_tags": null }, "geometry": { "type": "MultiPolygon", "coordinates": [ [ [ [ -74.9925435, 4.9460637 ], [ -74.9925599, 4.946151 ], [ -74.992516184589732, 4.946159077254333 ], [ -74.992493692253589, 4.946107112201874 ], [ -74.992481042187507, 4.946075332767577 ], [ -74.9925435, 4.9460637 ] ] ] ] } },
{ "type": "Feature", "properties": { "fid": 93, "osm_id": null, "osm_way_id": "837122197", "name": null, "type": null, "aeroway": null, "amenity": null, "admin_level": null, "barrier": null, "boundary": null, "building": "house", "craft": null, "geological": null, "historic": null, "land_area": null, "landuse": null, "leisure": null, "man_made": null, "military": null, "natural": null, "office": null, "place": null, "shop": null, "sport": null, "tourism": null, "other_tags": null }, "geometry": { "type": "MultiPolygon", "coordinates": [ [ [ [ -74.992822, 4.9461819 ], [ -74.9927422, 4.9461908 ], [ -74.9927386, 4.9461589 ], [ -74.9926999, 4.9461632 ], [ -74.9927089, 4.9462436 ], [ -74.9928274, 4.9462304 ], [ -74.992822, 4.9461819 ] ] ] ] } },
{ "type": "Feature", "properties": { "fid": 94, "osm_id": null, "osm_way_id": "837122198", "name": null, "type": null, "aeroway": null, "amenity": null, "admin_level": null, "barrier": null, "boundary": null, "building": "house", "craft": null, "geological": null, "historic": null, "land_area": null, "landuse": null, "leisure": null, "man_made": null, "military": null, "natural": null, "office": null, "place": null, "shop": null, "sport": null, "tourism": null, "other_tags": null }, "geometry": { "type": "MultiPolygon", "coordinates": [ [ [ [ -74.9928553, 4.9462593 ], [ -74.9927888, 4.9462543 ], [ -74.9927853, 4.9463009 ], [ -74.9928518, 4.9463059 ], [ -74.9928553, 4.9462593 ] ] ] ] } },
{ "type": "Feature", "properties": { "fid": 95, "osm_id": null, "osm_way_id": "837122199", "name": null, "type": null, "aeroway": null, "amenity": null, "admin_level": null, "barrier": null, "boundary": null, "building": "house", "craft": null, "geological": null, "historic": null, "land_area": null, "landuse": null, "leisure": null, "man_made": null, "military": null, "natural": null, "office": null, "place": null, "shop": null, "sport": null, "tourism": null, "other_tags": null }, "geometry": { "type": "MultiPolygon", "coordinates": [ [ [ [ -74.9930078, 4.9465206 ], [ -74.9929413, 4.9465156 ], [ -74.9929378, 4.9465622 ], [ -74.9930043, 4.9465672 ], [ -74.9930078, 4.9465206 ] ] ] ] } },
{ "type": "Feature", "properties": { "fid": 96, "osm_id": null, "osm_way_id": "837122200", "name": null, "type": null, "aeroway": null, "amenity": null, "admin_level": null, "barrier": null, "boundary": null, "building": "house", "craft": null, "geological": null, "historic": null, "land_area": null, "landuse": null, "leisure": null, "man_made": null, "military": null, "natural": null, "office": null, "place": null, "shop": null, "sport": null, "tourism": null, "other_tags": null }, "geometry": { "type": "MultiPolygon", "coordinates": [ [ [ [ -74.9930859, 4.9463635 ], [ -74.9930194, 4.9463585 ], [ -74.9930159, 4.9464052 ], [ -74.9930824, 4.9464101 ], [ -74.9930859, 4.9463635 ] ] ] ] } },
{ "type": "Feature", "properties": { "fid": 97, "osm_id": null, "osm_way_id": "837122201", "name": null, "type": null, "aeroway": null, "amenity": null, "admin_level": null, "barrier": null, "boundary": null, "building": "house", "craft": null, "geological": null, "historic": null, "land_area": null, "landuse": null, "leisure": null, "man_made": null, "military": null, "natural": null, "office": null, "place": null, "shop": null, "sport": null, "tourism": null, "other_tags": null }, "geometry": { "type": "MultiPolygon", "coordinates": [ [ [ [ -74.9928047, 4.946471 ], [ -74.9927383, 4.9464661 ], [ -74.9927347, 4.9465127 ], [ -74.9928012, 4.9465177 ], [ -74.9928047, 4.946471 ] ] ] ] } },
{ "type": "Feature", "properties": { "fid": 98, "osm_id": null, "osm_way_id": "837122202", "name": null, "type": null, "aeroway": null, "amenity": null, "admin_level": null, "barrier": null, "boundary": null, "building": "house", "craft": null, "geological": null, "historic": null, "land_area": null, "landuse": null, "leisure": null, "man_made": null, "military": null, "natural": null, "office": null, "place": null, "shop": null, "sport": null, "tourism": null, "other_tags": null }, "geometry": { "type": "MultiPolygon", "coordinates": [ [ [ [ -74.9927863, 4.9464363 ], [ -74.9927892, 4.946338 ], [ -74.9927416, 4.9463367 ], [ -74.9927388, 4.9464349 ], [ -74.9927863, 4.9464363 ] ] ] ] } },
{ "type": "Feature", "properties": { "fid": 99, "osm_id": null, "osm_way_id": "837122203", "name": null, "type": null, "aeroway": null, "amenity": null, "admin_level": null, "barrier": null, "boundary": null, "building": "terrace", "craft": null, "geological": null, "historic": null, "land_area": null, "landuse": null, "leisure": null, "man_made": null, "military": null, "natural": null, "office": null, "place": null, "shop": null, "sport": null, "tourism": null, "other_tags": null }, "geometry": { "type": "MultiPolygon", "coordinates": [ [ [ [ -74.9923025, 4.9456939 ], [ -74.9923593, 4.9457745 ], [ -74.9924005, 4.945742 ], [ -74.9924885, 4.9458948 ], [ -74.9924303, 4.9459273 ], [ -74.9924616, 4.9459811 ], [ -74.992446248908152, 4.945987925260899 ], [ -74.992433409652648, 4.945955670545873 ], [ -74.992428508719328, 4.94594661570946 ], [ -74.992276256604526, 4.945730332331429 ], [ -74.99227238331224, 4.94570784930055 ], [ -74.9923025, 4.9456939 ] ] ] ] } },
{ "type": "Feature", "properties": { "fid": 100, "osm_id": null, "osm_way_id": "837122204", "name": null, "type": null, "aeroway": null, "amenity": null, "admin_level": null, "barrier": null, "boundary": null, "building": "terrace", "craft": null, "geological": null, "historic": null, "land_area": null, "landuse": null, "leisure": null, "man_made": null, "military": null, "natural": null, "office": null, "place": null, "shop": null, "sport": null, "tourism": null, "other_tags": null }, "geometry": { "type": "MultiPolygon", "coordinates": [ [ [ [ -74.9922314, 4.9458682 ], [ -74.992121, 4.945735 ], [ -74.9920285, 4.9458112 ], [ -74.9920797, 4.945873 ], [ -74.9921139, 4.9458449 ], [ -74.992173, 4.9459162 ], [ -74.9922314, 4.9458682 ] ] ] ] } },
{ "type": "Feature", "properties": { "fid": 101, "osm_id": null, "osm_way_id": "837122205", "name": null, "type": null, "aeroway": null, "amenity": "school", "admin_level": null, "barrier": null, "boundary": null, "building": null, "craft": null, "geological": null, "historic": null, "land_area": null, "landuse": null, "leisure": null, "man_made": null, "military": null, "natural": null, "office": null, "place": null, "shop": null, "sport": null, "tourism": null, "other_tags": null }, "geometry": { "type": "MultiPolygon", "coordinates": [ [ [ [ -74.992121, 4.945735 ], [ -74.9918836, 4.9455793 ], [ -74.9917628, 4.9454902 ], [ -74.9917827, 4.9452029 ], [ -74.9919617, 4.9449964 ], [ -74.9922102, 4.9450134 ], [ -74.99219313750126, 4.945475420473771 ], [ -74.992187602598833, 4.945489624609623 ], [ -74.992184938656692, 4.945500151413062 ], [ -74.992169938656687, 4.945620351413062 ], [ -74.992170238756714, 4.945633270112475 ], [ -74.992182995208893, 4.945707316604837 ], [ -74.992121, 4.945735 ] ] ] ] } },
{ "type": "Feature", "properties": { "fid": 102, "osm_id": null, "osm_way_id": "837122206", "name": null, "type": null, "aeroway": null, "amenity": null, "admin_level": null, "barrier": null, "boundary": null, "building": "terrace", "craft": null, "geological": null, "historic": null, "land_area": null, "landuse": null, "leisure": null, "man_made": null, "military": null, "natural": null, "office": null, "place": null, "shop": null, "sport": null, "tourism": null, "other_tags": null }, "geometry": { "type": "MultiPolygon", "coordinates": [ [ [ [ -74.9949825, 4.9485222 ], [ -74.9950641, 4.9484393 ], [ -74.9950869, 4.9484571 ], [ -74.9951603, 4.9483759 ], [ -74.995229674468305, 4.948450444200316 ], [ -74.995105961319965, 4.948597163339323 ], [ -74.995069902875883, 4.948618870301441 ], [ -74.9949825, 4.9485222 ] ] ] ] } },
{ "type": "Feature", "properties": { "fid": 103, "osm_id": null, "osm_way_id": "837122207", "name": null, "type": null, "aeroway": null, "amenity": null, "admin_level": null, "barrier": null, "boundary": null, "building": "terrace", "craft": null, "geological": null, "historic": null, "land_area": null, "landuse": null, "leisure": null, "man_made": null, "military": null, "natural": null, "office": null, "place": null, "shop": null, "sport": null, "tourism": null, "other_tags": null }, "geometry": { "type": "MultiPolygon", "coordinates": [ [ [ [ -74.9952512, 4.948318 ], [ -74.9953294, 4.9482598 ], [ -74.9953033, 4.948225 ], [ -74.9954561, 4.9481114 ], [ -74.9954784, 4.9481411 ], [ -74.9955612, 4.9480796 ], [ -74.995607397409444, 4.948141374717747 ], [ -74.995577877134352, 4.948163839941773 ], [ -74.995435495790531, 4.948268099829019 ], [ -74.99541, 4.948234 ], [ -74.9953588, 4.948272 ], [ -74.995384591495025, 4.948306388660024 ], [ -74.995300027450668, 4.94838325976581 ], [ -74.9952512, 4.948318 ] ] ] ] } },
{ "type": "Feature", "properties": { "fid": 104, "osm_id": null, "osm_way_id": "837122208", "name": null, "type": null, "aeroway": null, "amenity": null, "admin_level": null, "barrier": null, "boundary": null, "building": "house", "craft": null, "geological": null, "historic": null, "land_area": null, "landuse": null, "leisure": null, "man_made": null, "military": null, "natural": null, "office": null, "place": null, "shop": null, "sport": null, "tourism": null, "other_tags": null }, "geometry": { "type": "MultiPolygon", "coordinates": [ [ [ [ -74.9958544, 4.9478532 ], [ -74.9959409, 4.9478096 ], [ -74.9959941, 4.9479142 ], [ -74.995985582969425, 4.947918502823542 ], [ -74.995900538878985, 4.947944003395301 ], [ -74.9958544, 4.9478532 ] ] ] ] } },
{ "type": "Feature", "properties": { "fid": 105, "osm_id": null, "osm_way_id": "837122209", "name": null, "type": null, "aeroway": null, "amenity": null, "admin_level": null, "barrier": null, "boundary": null, "building": "house", "craft": null, "geological": null, "historic": null, "land_area": null, "landuse": null, "leisure": null, "man_made": null, "military": null, "natural": null, "office": null, "place": null, "shop": null, "sport": null, "tourism": null, "other_tags": null }, "geometry": { "type": "MultiPolygon", "coordinates": [ [ [ [ -74.9957169, 4.947939 ], [ -74.9958063, 4.9478761 ], [ -74.995865136984733, 4.947959159275994 ], [ -74.99577300323692, 4.948018200085815 ], [ -74.9957169, 4.947939 ] ] ] ] } },
{ "type": "Feature", "properties": { "fid": 106, "osm_id": null, "osm_way_id": "837122210", "name": null, "type": null, "aeroway": null, "amenity": null, "admin_level": null, "barrier": null, "boundary": null, "building": "house", "craft": null, "geological": null, "historic": null, "land_area": null, "landuse": null, "leisure": null, "man_made": null, "military": null, "natural": null, "office": null, "place": null, "shop": null, "sport": null, "tourism": null, "other_tags": null }, "geometry": { "type": "MultiPolygon", "coordinates": [ [ [ [ -74.9962413, 4.947849 ], [ -74.9962239, 4.9478548 ], [ -74.9961506, 4.9478796 ], [ -74.9960954, 4.947901 ], [ -74.9960689, 4.9478272 ], [ -74.9961417, 4.9478012 ], [ -74.9961349, 4.947782 ], [ -74.9962079, 4.947756 ], [ -74.9962413, 4.947849 ] ] ] ] } },
{ "type": "Feature", "properties": { "fid": 107, "osm_id": null, "osm_way_id": "837122211", "name": null, "type": null, "aeroway": null, "amenity": null, "admin_level": null, "barrier": null, "boundary": null, "building": "house", "craft": null, "geological": null, "historic": null, "land_area": null, "landuse": null, "leisure": null, "man_made": null, "military": null, "natural": null, "office": null, "place": null, "shop": null, "sport": null, "tourism": null, "other_tags": null }, "geometry": { "type": "MultiPolygon", "coordinates": [ [ [ [ -74.9961506, 4.9478796 ], [ -74.9962239, 4.9478548 ], [ -74.9962507, 4.9479334 ], [ -74.996220415673648, 4.947943646265943 ], [ -74.996168232530735, 4.947931313317751 ], [ -74.9961506, 4.9478796 ] ] ] ] } },
{ "type": "Feature", "properties": { "fid": 108, "osm_id": null, "osm_way_id": "837122212", "name": null, "type": null, "aeroway": null, "amenity": null, "admin_level": null, "barrier": null, "boundary": null, "building": "house", "craft": null, "geological": null, "historic": null, "land_area": null, "landuse": null, "leisure": null, "man_made": null, "military": null, "natural": null, "office": null, "place": null, "shop": null, "sport": null, "tourism": null, "other_tags": null }, "geometry": { "type": "MultiPolygon", "coordinates": [ [ [ [ -74.996351878036435, 4.947949964237635 ], [ -74.996339820681527, 4.947953157598083 ], [ -74.9963271, 4.9479182 ], [ -74.9963861, 4.9478968 ], [ -74.9963992, 4.9479328 ], [ -74.996351878036435, 4.947949964237635 ] ] ] ] } },
{ "type": "Feature", "properties": { "fid": 109, "osm_id": null, "osm_way_id": "837122213", "name": null, "type": null, "aeroway": null, "amenity": null, "admin_level": null, "barrier": null, "boundary": null, "building": "house", "craft": null, "geological": null, "historic": null, "land_area": null, "landuse": null, "leisure": null, "man_made": null, "military": null, "natural": null, "office": null, "place": null, "shop": null, "sport": null, "tourism": null, "other_tags": null }, "geometry": { "type": "MultiPolygon", "coordinates": [ [ [ [ -74.9963511, 4.9478764 ], [ -74.9962921, 4.9478977 ], [ -74.9962789, 4.9478617 ], [ -74.9963379, 4.9478403 ], [ -74.9963511, 4.9478764 ] ] ] ] } },
{ "type": "Feature", "properties": { "fid": 110, "osm_id": null, "osm_way_id": "837122214", "name": null, "type": null, "aeroway": null, "amenity": null, "admin_level": null, "barrier": null, "boundary": null, "building": "house", "craft": null, "geological": null, "historic": null, "land_area": null, "landuse": null, "leisure": null, "man_made": null, "military": null, "natural": null, "office": null, "place": null, "shop": null, "sport": null, "tourism": null, "other_tags": null }, "geometry": { "type": "MultiPolygon", "coordinates": [ [ [ [ -74.9964194, 4.9479261 ], [ -74.9964062, 4.94789 ], [ -74.9964652, 4.9478686 ], [ -74.996477781575322, 4.947903008702206 ], [ -74.996460478278621, 4.947911200420973 ], [ -74.9964194, 4.9479261 ] ] ] ] } },
{ "type": "Feature", "properties": { "fid": 111, "osm_id": null, "osm_way_id": "837122215", "name": null, "type": null, "aeroway": null, "amenity": null, "admin_level": null, "barrier": null, "boundary": null, "building": "house", "craft": null, "geological": null, "historic": null, "land_area": null, "landuse": null, "leisure": null, "man_made": null, "military": null, "natural": null, "office": null, "place": null, "shop": null, "sport": null, "tourism": null, "other_tags": null }, "geometry": { "type": "MultiPolygon", "coordinates": [ [ [ [ -74.9964404, 4.9480468 ], [ -74.99643071755051, 4.948020117830031 ], [ -74.996438964902111, 4.948017933539477 ], [ -74.996446527202068, 4.948015168536084 ], [ -74.99648847993214, 4.947995307293904 ], [ -74.9964994, 4.9480254 ], [ -74.9964404, 4.9480468 ] ] ] ] } },
{ "type": "Feature", "properties": { "fid": 112, "osm_id": null, "osm_way_id": "837122216", "name": null, "type": null, "aeroway": null, "amenity": null, "admin_level": null, "barrier": null, "boundary": null, "building": "house", "craft": null, "geological": null, "historic": null, "land_area": null, "landuse": null, "leisure": null, "man_made": null, "military": null, "natural": null, "office": null, "place": null, "shop": null, "sport": null, "tourism": null, "other_tags": null }, "geometry": { "type": "MultiPolygon", "coordinates": [ [ [ [ -74.9965823, 4.948071 ], [ -74.9965233, 4.9480923 ], [ -74.9965101, 4.9480563 ], [ -74.9965691, 4.9480349 ], [ -74.9965823, 4.948071 ] ] ] ] } },
{ "type": "Feature", "properties": { "fid": 113, "osm_id": null, "osm_way_id": "837122217", "name": null, "type": null, "aeroway": null, "amenity": null, "admin_level": null, "barrier": null, "boundary": null, "building": "terrace", "craft": null, "geological": null, "historic": null, "land_area": null, "landuse": null, "leisure": null, "man_made": null, "military": null, "natural": null, "office": null, "place": null, "shop": null, "sport": null, "tourism": null, "other_tags": null }, "geometry": { "type": "MultiPolygon", "coordinates": [ [ [ [ -74.9925964, 4.9526703 ], [ -74.9924437, 4.9526591 ], [ -74.992437, 4.9527495 ], [ -74.9925267, 4.9527561 ], [ -74.9925238, 4.9527956 ], [ -74.9925867, 4.9528002 ], [ -74.9925964, 4.9526703 ] ] ] ] } },
{ "type": "Feature", "properties": { "fid": 114, "osm_id": null, "osm_way_id": "837122218", "name": null, "type": null, "aeroway": null, "amenity": null, "admin_level": null, "barrier": null, "boundary": null, "building": "house", "craft": null, "geological": null, "historic": null, "land_area": null, "landuse": null, "leisure": null, "man_made": null, "military": null, "natural": null, "office": null, "place": null, "shop": null, "sport": null, "tourism": null, "other_tags": null }, "geometry": { "type": "MultiPolygon", "coordinates": [ [ [ [ -74.9925823, 4.9524729 ], [ -74.9925402, 4.9525354 ], [ -74.9924799, 4.9524951 ], [ -74.9925221, 4.9524326 ], [ -74.9925823, 4.9524729 ] ] ] ] } },
{ "type": "Feature", "properties": { "fid": 115, "osm_id": null, "osm_way_id": "837122219", "name": null, "type": null, "aeroway": null, "amenity": null, "admin_level": null, "barrier": null, "boundary": null, "building": "house", "craft": null, "geological": null, "historic": null, "land_area": null, "landuse": null, "leisure": null, "man_made": null, "military": null, "natural": null, "office": null, "place": null, "shop": null, "sport": null, "tourism": null, "other_tags": null }, "geometry": { "type": "MultiPolygon", "coordinates": [ [ [ [ -74.9925999, 4.9522817 ], [ -74.9925719, 4.952375 ], [ -74.9925233, 4.9523606 ], [ -74.9925132, 4.9523941 ], [ -74.992449981186397, 4.952375273809183 ], [ -74.992494669524348, 4.952250340994968 ], [ -74.9925999, 4.9522817 ] ] ] ] } },
{ "type": "Feature", "properties": { "fid": 116, "osm_id": null, "osm_way_id": "837122220", "name": null, "type": null, "aeroway": null, "amenity": null, "admin_level": null, "barrier": null, "boundary": null, "building": "house", "craft": null, "geological": null, "historic": null, "land_area": null, "landuse": null, "leisure": null, "man_made": null, "military": null, "natural": null, "office": null, "place": null, "shop": null, "sport": null, "tourism": null, "other_tags": null }, "geometry": { "type": "MultiPolygon", "coordinates": [ [ [ [ -74.9928237, 4.9517593 ], [ -74.9928543, 4.9516745 ], [ -74.992793, 4.9516526 ], [ -74.9927625, 4.9517373 ], [ -74.9928237, 4.9517593 ] ] ] ] } },
{ "type": "Feature", "properties": { "fid": 117, "osm_id": null, "osm_way_id": "837122221", "name": null, "type": null, "aeroway": null, "amenity": null, "admin_level": null, "barrier": null, "boundary": null, "building": "house", "craft": null, "geological": null, "historic": null, "land_area": null, "landuse": null, "leisure": null, "man_made": null, "military": null, "natural": null, "office": null, "place": null, "shop": null, "sport": null, "tourism": null, "other_tags": null }, "geometry": { "type": "MultiPolygon", "coordinates": [ [ [ [ -74.9927764, 4.9517799 ], [ -74.992728, 4.9517511 ], [ -74.9926463, 4.9518873 ], [ -74.9927646, 4.9519578 ], [ -74.9928007, 4.9518977 ], [ -74.9927529, 4.9518692 ], [ -74.992768, 4.9518441 ], [ -74.9927458, 4.9518309 ], [ -74.9927764, 4.9517799 ] ] ] ] } },
{ "type": "Feature", "properties": { "fid": 118, "osm_id": null, "osm_way_id": "837122222", "name": null, "type": null, "aeroway": null, "amenity": null, "admin_level": null, "barrier": null, "boundary": null, "building": "terrace", "craft": null, "geological": null, "historic": null, "land_area": null, "landuse": null, "leisure": null, "man_made": null, "military": null, "natural": null, "office": null, "place": null, "shop": null, "sport": null, "tourism": null, "other_tags": null }, "geometry": { "type": "MultiPolygon", "coordinates": [ [ [ [ -74.9928149, 4.9515721 ], [ -74.9927363, 4.9515485 ], [ -74.9928146, 4.9512897 ], [ -74.992809148393519, 4.951236139371347 ], [ -74.992813651173222, 4.951193513056768 ], [ -74.9928493, 4.9511899 ], [ -74.9928585, 4.9512803 ], [ -74.9928913, 4.951277 ], [ -74.9928376, 4.9514549 ], [ -74.9928754, 4.9514662 ], [ -74.9928675, 4.9514927 ], [ -74.9928413, 4.9514848 ], [ -74.9928149, 4.9515721 ] ] ] ] } },
{ "type": "Feature", "properties": { "fid": 119, "osm_id": null, "osm_way_id": "837122223", "name": null, "type": null, "aeroway": null, "amenity": null, "admin_level": null, "barrier": null, "boundary": null, "building": "house", "craft": null, "geological": null, "historic": null, "land_area": null, "landuse": null, "leisure": null, "man_made": null, "military": null, "natural": null, "office": null, "place": null, "shop": null, "sport": null, "tourism": null, "other_tags": null }, "geometry": { "type": "MultiPolygon", "coordinates": [ [ [ [ -74.9928902, 4.9510218 ], [ -74.9929506, 4.9508988 ], [ -74.992896, 4.9508721 ], [ -74.9928355, 4.9509951 ], [ -74.9928902, 4.9510218 ] ] ] ] } },
{ "type": "Feature", "properties": { "fid": 120, "osm_id": null, "osm_way_id": "837122224", "name": null, "type": null, "aeroway": null, "amenity": null, "admin_level": null, "barrier": null, "boundary": null, "building": "terrace", "craft": null, "geological": null, "historic": null, "land_area": null, "landuse": null, "leisure": null, "man_made": null, "military": null, "natural": null, "office": null, "place": null, "shop": null, "sport": null, "tourism": null, "other_tags": null }, "geometry": { "type": "MultiPolygon", "coordinates": [ [ [ [ -74.9932236, 4.9505512 ], [ -74.9931299, 4.9506191 ], [ -74.993164, 4.9506488 ], [ -74.9931214, 4.9506983 ], [ -74.9930916, 4.9506728 ], [ -74.9929467, 4.950827 ], [ -74.99289838537419, 4.950791666458997 ], [ -74.99290571449103, 4.950779873341276 ], [ -74.99302950154096, 4.950639911196419 ], [ -74.993190042623951, 4.950533919139206 ], [ -74.993193614095475, 4.950531293637129 ], [ -74.993203550587339, 4.950523187299502 ], [ -74.9932236, 4.9505512 ] ] ] ] } },
{ "type": "Feature", "properties": { "fid": 121, "osm_id": null, "osm_way_id": "837122225", "name": null, "type": null, "aeroway": null, "amenity": null, "admin_level": null, "barrier": null, "boundary": null, "building": "terrace", "craft": null, "geological": null, "historic": null, "land_area": null, "landuse": null, "leisure": null, "man_made": null, "military": null, "natural": null, "office": null, "place": null, "shop": null, "sport": null, "tourism": null, "other_tags": null }, "geometry": { "type": "MultiPolygon", "coordinates": [ [ [ [ -74.9926953, 4.9506233 ], [ -74.9927834, 4.9505356 ], [ -74.992816, 4.9505625 ], [ -74.9928757, 4.9505186 ], [ -74.9929069, 4.950554 ], [ -74.9930475, 4.9504592 ], [ -74.9930688, 4.9504804 ], [ -74.9931285, 4.9504408 ], [ -74.993141921179813, 4.95045989590685 ], [ -74.993139705431176, 4.950461703547496 ], [ -74.992976157376049, 4.950569680860794 ], [ -74.992967441157788, 4.950577250133441 ], [ -74.992837341157795, 4.950724350133441 ], [ -74.992835069738248, 4.950727400227331 ], [ -74.9926953, 4.9506233 ] ] ] ] } },
{ "type": "Feature", "properties": { "fid": 122, "osm_id": null, "osm_way_id": "837122226", "name": null, "type": null, "aeroway": null, "amenity": null, "admin_level": null, "barrier": null, "boundary": null, "building": "terrace", "craft": null, "geological": null, "historic": null, "land_area": null, "landuse": null, "leisure": null, "man_made": null, "military": null, "natural": null, "office": null, "place": null, "shop": null, "sport": null, "tourism": null, "other_tags": null }, "geometry": { "type": "MultiPolygon", "coordinates": [ [ [ [ -74.9926286, 4.9509558 ], [ -74.9926329, 4.9509289 ], [ -74.9925718, 4.9509105 ], [ -74.9925902, 4.9508355 ], [ -74.9926329, 4.9508483 ], [ -74.9926442, 4.9508129 ], [ -74.992760004073702, 4.950851388074385 ], [ -74.992759122137315, 4.950853526353684 ], [ -74.992730608548001, 4.950977351101691 ], [ -74.9926286, 4.9509558 ] ] ] ] } },
{ "type": "Feature", "properties": { "fid": 123, "osm_id": null, "osm_way_id": "837122227", "name": null, "type": null, "aeroway": null, "amenity": null, "admin_level": null, "barrier": null, "boundary": null, "building": "terrace", "craft": null, "geological": null, "historic": null, "land_area": null, "landuse": null, "leisure": null, "man_made": null, "military": null, "natural": null, "office": null, "place": null, "shop": null, "sport": null, "tourism": null, "other_tags": null }, "geometry": { "type": "MultiPolygon", "coordinates": [ [ [ [ -74.9923744, 4.9507521 ], [ -74.9924227, 4.9506516 ], [ -74.9923659, 4.9506205 ], [ -74.9923105, 4.9507223 ], [ -74.9923744, 4.9507521 ] ] ] ] } },
{ "type": "Feature", "properties": { "fid": 124, "osm_id": null, "osm_way_id": "837122228", "name": null, "type": null, "aeroway": null, "amenity": null, "admin_level": null, "barrier": null, "boundary": null, "building": "terrace", "craft": null, "geological": null, "historic": null, "land_area": null, "landuse": null, "leisure": null, "man_made": null, "military": null, "natural": null, "office": null, "place": null, "shop": null, "sport": null, "tourism": null, "other_tags": null }, "geometry": { "type": "MultiPolygon", "coordinates": [ [ [ [ -74.9926357, 4.9513548 ], [ -74.992657, 4.9512557 ], [ -74.992717641729598, 4.951264700796448 ], [ -74.992716372485475, 4.951276716307512 ], [ -74.992690606073552, 4.951362949477184 ], [ -74.9926357, 4.9513548 ] ] ] ] } },
{ "type": "Feature", "properties": { "fid": 125, "osm_id": null, "osm_way_id": "837122229", "name": null, "type": null, "aeroway": null, "amenity": null, "admin_level": null, "barrier": null, "boundary": null, "building": "terrace", "craft": null, "geological": null, "historic": null, "land_area": null, "landuse": null, "leisure": null, "man_made": null, "military": null, "natural": null, "office": null, "place": null, "shop": null, "sport": null, "tourism": null, "other_tags": null }, "geometry": { "type": "MultiPolygon", "coordinates": [ [ [ [ -74.9925633, 4.9517594 ], [ -74.9924624, 4.9517255 ], [ -74.9924809, 4.9516858 ], [ -74.9925235, 4.9517028 ], [ -74.9925476, 4.9516363 ], [ -74.9925789, 4.9515415 ], [ -74.992629531400425, 4.951567309109663 ], [ -74.992582187357598, 4.951723692732101 ], [ -74.9925633, 4.9517594 ] ] ] ] } },
{ "type": "Feature", "properties": { "fid": 126, "osm_id": null, "osm_way_id": "837122230", "name": null, "type": null, "aeroway": null, "amenity": null, "admin_level": null, "barrier": null, "boundary": null, "building": "house", "craft": null, "geological": null, "historic": null, "land_area": null, "landuse": null, "leisure": null, "man_made": null, "military": null, "natural": null, "office": null, "place": null, "shop": null, "sport": null, "tourism": null, "other_tags": null }, "geometry": { "type": "MultiPolygon", "coordinates": [ [ [ [ -74.992302, 4.9519716 ], [ -74.9923545, 4.9517821 ], [ -74.9922338, 4.9517509 ], [ -74.992177, 4.9519448 ], [ -74.992302, 4.9519716 ] ] ] ] } },
{ "type": "Feature", "properties": { "fid": 127, "osm_id": null, "osm_way_id": "837122231", "name": null, "type": null, "aeroway": null, "amenity": null, "admin_level": null, "barrier": null, "boundary": null, "building": "house", "craft": null, "geological": null, "historic": null, "land_area": null, "landuse": null, "leisure": null, "man_made": null, "military": null, "natural": null, "office": null, "place": null, "shop": null, "sport": null, "tourism": null, "other_tags": null }, "geometry": { "type": "MultiPolygon", "coordinates": [ [ [ [ -74.9921044, 4.9518935 ], [ -74.9920307, 4.951872 ], [ -74.9920473, 4.9518156 ], [ -74.992121, 4.9518371 ], [ -74.9921044, 4.9518935 ] ] ] ] } },
{ "type": "Feature", "properties": { "fid": 128, "osm_id": null, "osm_way_id": "837122232", "name": null, "type": null, "aeroway": null, "amenity": null, "admin_level": null, "barrier": null, "boundary": null, "building": "house", "craft": null, "geological": null, "historic": null, "land_area": null, "landuse": null, "leisure": null, "man_made": null, "military": null, "natural": null, "office": null, "place": null, "shop": null, "sport": null, "tourism": null, "other_tags": null }, "geometry": { "type": "MultiPolygon", "coordinates": [ [ [ [ -74.9920053, 4.9519158 ], [ -74.9919316, 4.9518943 ], [ -74.9919482, 4.9518379 ], [ -74.9920219, 4.9518594 ], [ -74.9920053, 4.9519158 ] ] ] ] } },
{ "type": "Feature", "properties": { "fid": 129, "osm_id": null, "osm_way_id": "837122233", "name": null, "type": null, "aeroway": null, "amenity": null, "admin_level": null, "barrier": null, "boundary": null, "building": "house", "craft": null, "geological": null, "historic": null, "land_area": null, "landuse": null, "leisure": null, "man_made": null, "military": null, "natural": null, "office": null, "place": null, "shop": null, "sport": null, "tourism": null, "other_tags": null }, "geometry": { "type": "MultiPolygon", "coordinates": [ [ [ [ -74.9921977, 4.9513901 ], [ -74.992249, 4.9513161 ], [ -74.9921619, 4.9512562 ], [ -74.9921106, 4.9513302 ], [ -74.9921977, 4.9513901 ] ] ] ] } },
{ "type": "Feature", "properties": { "fid": 130, "osm_id": null, "osm_way_id": "837122234", "name": null, "type": null, "aeroway": null, "amenity": null, "admin_level": null, "barrier": null, "boundary": null, "building": "house", "craft": null, "geological": null, "historic": null, "land_area": null, "landuse": null, "leisure": null, "man_made": null, "military": null, "natural": null, "office": null, "place": null, "shop": null, "sport": null, "tourism": null, "other_tags": null }, "geometry": { "type": "MultiPolygon", "coordinates": [ [ [ [ -74.9915758, 4.9516254 ], [ -74.9916486, 4.9515249 ], [ -74.991552, 4.9514555 ], [ -74.991511, 4.9515121 ], [ -74.9914649, 4.951479 ], [ -74.9914331, 4.9515229 ], [ -74.9915758, 4.9516254 ] ] ] ] } },
{ "type": "Feature", "properties": { "fid": 131, "osm_id": null, "osm_way_id": "837122235", "name": null, "type": null, "aeroway": null, "amenity": null, "admin_level": null, "barrier": null, "boundary": null, "building": "house", "craft": null, "geological": null, "historic": null, "land_area": null, "landuse": null, "leisure": null, "man_made": null, "military": null, "natural": null, "office": null, "place": null, "shop": null, "sport": null, "tourism": null, "other_tags": null }, "geometry": { "type": "MultiPolygon", "coordinates": [ [ [ [ -74.9916241, 4.9513879 ], [ -74.9915508, 4.951406 ], [ -74.9915392, 4.9513591 ], [ -74.9916125, 4.9513411 ], [ -74.9916241, 4.9513879 ] ] ] ] } },
{ "type": "Feature", "properties": { "fid": 132, "osm_id": null, "osm_way_id": "1162829208", "name": null, "type": null, "aeroway": null, "amenity": null, "admin_level": null, "barrier": null, "boundary": null, "building": "house", "craft": null, "geological": null, "historic": null, "land_area": null, "landuse": null, "leisure": null, "man_made": null, "military": null, "natural": null, "office": null, "place": null, "shop": null, "sport": null, "tourism": null, "other_tags": null }, "geometry": { "type": "MultiPolygon", "coordinates": [ [ [ [ -74.9790294, 4.957802 ], [ -74.9789658, 4.9576764 ], [ -74.9788742, 4.9577224 ], [ -74.9789103, 4.9577938 ], [ -74.9789408, 4.9577784 ], [ -74.9789683, 4.9578327 ], [ -74.9790294, 4.957802 ] ] ] ] } },
{ "type": "Feature", "properties": { "fid": 133, "osm_id": null, "osm_way_id": "1162829209", "name": null, "type": null, "aeroway": null, "amenity": null, "admin_level": null, "barrier": null, "boundary": null, "building": "house", "craft": null, "geological": null, "historic": null, "land_area": null, "landuse": null, "leisure": null, "man_made": null, "military": null, "natural": null, "office": null, "place": null, "shop": null, "sport": null, "tourism": null, "other_tags": null }, "geometry": { "type": "MultiPolygon", "coordinates": [ [ [ [ -74.9784555, 4.9582793 ], [ -74.9784323, 4.9581841 ], [ -74.9783123, 4.9582131 ], [ -74.9783355, 4.9583083 ], [ -74.9784555, 4.9582793 ] ] ] ] } },
{ "type": "Feature", "properties": { "fid": 134, "osm_id": null, "osm_way_id": "1162829210", "name": null, "type": null, "aeroway": null, "amenity": null, "admin_level": null, "barrier": null, "boundary": null, "building": "house", "craft": null, "geological": null, "historic": null, "land_area": null, "landuse": null, "leisure": null, "man_made": null, "military": null, "natural": null, "office": null, "place": null, "shop": null, "sport": null, "tourism": null, "other_tags": null }, "geometry": { "type": "MultiPolygon", "coordinates": [ [ [ [ -74.9816026, 4.9591754 ], [ -74.9815751, 4.959025 ], [ -74.9814804, 4.9590422 ], [ -74.9815078, 4.9591926 ], [ -74.9816026, 4.9591754 ] ] ] ] } },
{ "type": "Feature", "properties": { "fid": 135, "osm_id": null, "osm_way_id": "1162829211", "name": null, "type": null, "aeroway": null, "amenity": null, "admin_level": null, "barrier": null, "boundary": null, "building": "house", "craft": null, "geological": null, "historic": null, "land_area": null, "landuse": null, "leisure": null, "man_made": null, "military": null, "natural": null, "office": null, "place": null, "shop": null, "sport": null, "tourism": null, "other_tags": null }, "geometry": { "type": "MultiPolygon", "coordinates": [ [ [ [ -74.9844496, 4.9595649 ], [ -74.9844223, 4.9595851 ], [ -74.9843918, 4.9595441 ], [ -74.9843367, 4.9595849 ], [ -74.9843756, 4.9596372 ], [ -74.9841904, 4.9596777 ], [ -74.98421, 4.9597665 ], [ -74.9843246, 4.9597414 ], [ -74.9844373, 4.9596946 ], [ -74.9845075, 4.9596427 ], [ -74.9844496, 4.9595649 ] ] ] ] } },
{ "type": "Feature", "properties": { "fid": 136, "osm_id": null, "osm_way_id": "1162829212", "name": null, "type": null, "aeroway": null, "amenity": null, "admin_level": null, "barrier": null, "boundary": null, "building": "house", "craft": null, "geological": null, "historic": null, "land_area": null, "landuse": null, "leisure": null, "man_made": null, "military": null, "natural": null, "office": null, "place": null, "shop": null, "sport": null, "tourism": null, "other_tags": null }, "geometry": { "type": "MultiPolygon", "coordinates": [ [ [ [ -74.9848141, 4.9590371 ], [ -74.9848692, 4.9590723 ], [ -74.9847843, 4.9592044 ], [ -74.9848469, 4.9592444 ], [ -74.984809, 4.9593034 ], [ -74.9846912, 4.9592282 ], [ -74.9848141, 4.9590371 ] ] ] ] } },
{ "type": "Feature", "properties": { "fid": 137, "osm_id": null, "osm_way_id": "1162829213", "name": null, "type": null, "aeroway": null, "amenity": null, "admin_level": null, "barrier": null, "boundary": null, "building": "house", "craft": null, "geological": null, "historic": null, "land_area": null, "landuse": null, "leisure": null, "man_made": null, "military": null, "natural": null, "office": null, "place": null, "shop": null, "sport": null, "tourism": null, "other_tags": null }, "geometry": { "type": "MultiPolygon", "coordinates": [ [ [ [ -74.9846001, 4.9590815 ], [ -74.9845544, 4.9591551 ], [ -74.9846237, 4.9591978 ], [ -74.9846694, 4.9591241 ], [ -74.9846001, 4.9590815 ] ] ] ] } },
{ "type": "Feature", "properties": { "fid": 138, "osm_id": null, "osm_way_id": "1162829214", "name": null, "type": null, "aeroway": null, "amenity": null, "admin_level": null, "barrier": null, "boundary": null, "building": "house", "craft": null, "geological": null, "historic": null, "land_area": null, "landuse": null, "leisure": null, "man_made": null, "military": null, "natural": null, "office": null, "place": null, "shop": null, "sport": null, "tourism": null, "other_tags": null }, "geometry": { "type": "MultiPolygon", "coordinates": [ [ [ [ -74.9846014, 4.9592719 ], [ -74.9845763, 4.9593325 ], [ -74.9846626, 4.959368 ], [ -74.9846877, 4.9593074 ], [ -74.9846014, 4.9592719 ] ] ] ] } },
{ "type": "Feature", "properties": { "fid": 139, "osm_id": null, "osm_way_id": "1162829215", "name": null, "type": null, "aeroway": null, "amenity": null, "admin_level": null, "barrier": null, "boundary": null, "building": "house", "craft": null, "geological": null, "historic": null, "land_area": null, "landuse": null, "leisure": null, "man_made": null, "military": null, "natural": null, "office": null, "place": null, "shop": null, "sport": null, "tourism": null, "other_tags": null }, "geometry": { "type": "MultiPolygon", "coordinates": [ [ [ [ -74.986182, 4.9579506 ], [ -74.9862941, 4.9578525 ], [ -74.986369, 4.9579375 ], [ -74.986307758346115, 4.95799109327606 ], [ -74.986251674459467, 4.958029669813809 ], [ -74.986182, 4.9579506 ] ] ] ] } },
{ "type": "Feature", "properties": { "fid": 140, "osm_id": null, "osm_way_id": "1162829216", "name": null, "type": null, "aeroway": null, "amenity": null, "admin_level": null, "barrier": null, "boundary": null, "building": "house", "craft": null, "geological": null, "historic": null, "land_area": null, "landuse": null, "leisure": null, "man_made": null, "military": null, "natural": null, "office": null, "place": null, "shop": null, "sport": null, "tourism": null, "other_tags": null }, "geometry": { "type": "MultiPolygon", "coordinates": [ [ [ [ -74.9863995, 4.9583633 ], [ -74.9863116, 4.9584556 ], [ -74.9863785, 4.9585189 ], [ -74.9864665, 4.9584266 ], [ -74.9863995, 4.9583633 ] ] ] ] } },
{ "type": "Feature", "properties": { "fid": 141, "osm_id": null, "osm_way_id": "1452443840", "name": null, "type": null, "aeroway": null, "amenity": null, "admin_level": null, "barrier": null, "boundary": null, "building": null, "craft": null, "geological": null, "historic": null, "land_area": null, "landuse": null, "leisure": null, "man_made": null, "military": null, "natural": "water", "office": null, "place": null, "shop": null, "sport": null, "tourism": null, "other_tags": null }, "geometry": { "type": "MultiPolygon", "coordinates": [ [ [ [ -74.9840243, 4.9584202 ], [ -74.983976, 4.9582492 ], [ -74.9838687, 4.9582866 ], [ -74.9837346, 4.9582278 ], [ -74.9837185, 4.9581636 ], [ -74.9836488, 4.9582438 ], [ -74.9836059, 4.9583667 ], [ -74.9835254, 4.9584095 ], [ -74.9835308, 4.9584683 ], [ -74.9836756, 4.9584897 ], [ -74.9837936, 4.958511 ], [ -74.9840243, 4.9584202 ] ] ] ] } },
{ "type": "Feature", "properties": { "fid": 142, "osm_id": null, "osm_way_id": "330289803", "name": null, "type": null, "aeroway": null, "amenity": null, "admin_level": null, "barrier": null, "boundary": null, "building": null, "craft": null, "geological": null, "historic": null, "land_area": null, "landuse": "quarry", "leisure": null, "man_made": null, "military": null, "natural": null, "office": null, "place": null, "shop": null, "sport": null, "tourism": null, "other_tags": null }, "geometry": { "type": "MultiPolygon", "coordinates": [ [ [ [ -74.9665466, 4.952561 ], [ -74.9665478, 4.9524289 ], [ -74.9664774, 4.9520915 ], [ -74.9665933, 4.9518711 ], [ -74.9665608, 4.9517437 ], [ -74.9665587, 4.9515211 ], [ -74.9665263, 4.9514321 ], [ -74.9663557, 4.9514584 ], [ -74.9661729, 4.9515151 ], [ -74.9660328, 4.9517518 ], [ -74.9659901, 4.9520128 ], [ -74.9659536, 4.9521544 ], [ -74.9659191, 4.9523344 ], [ -74.9659658, 4.9524518 ], [ -74.9660653, 4.9524599 ], [ -74.9660896, 4.9525529 ], [ -74.9661932, 4.9525833 ], [ -74.9663516, 4.9525894 ], [ -74.9665385, 4.9526805 ], [ -74.9665466, 4.952561 ] ] ] ] } },
{ "type": "Feature", "properties": { "fid": 143, "osm_id": null, "osm_way_id": "840334483", "name": null, "type": null, "aeroway": null, "amenity": null, "admin_level": null, "barrier": null, "boundary": null, "building": "school", "craft": null, "geological": null, "historic": null, "land_area": null, "landuse": null, "leisure": null, "man_made": null, "military": null, "natural": null, "office": null, "place": null, "shop": null, "sport": null, "tourism": null, "other_tags": null }, "geometry": { "type": "MultiPolygon", "coordinates": [ [ [ [ -74.9669142, 4.9540006 ], [ -74.9668685, 4.9538026 ], [ -74.9666879, 4.9538441 ], [ -74.9666811, 4.953815 ], [ -74.9666081, 4.9538318 ], [ -74.9666306, 4.9539289 ], [ -74.966694, 4.9539143 ], [ -74.9667045, 4.9539596 ], [ -74.9666406, 4.9539743 ], [ -74.9666602, 4.9540589 ], [ -74.9669142, 4.9540006 ] ] ] ] } },
{ "type": "Feature", "properties": { "fid": 144, "osm_id": null, "osm_way_id": "840334484", "name": null, "type": null, "aeroway": null, "amenity": null, "admin_level": null, "barrier": null, "boundary": null, "building": null, "craft": null, "geological": null, "historic": null, "land_area": null, "landuse": null, "leisure": "sports_centre", "man_made": null, "military": null, "natural": null, "office": null, "place": null, "shop": null, "sport": null, "tourism": null, "other_tags": null }, "geometry": { "type": "MultiPolygon", "coordinates": [ [ [ [ -74.9670811, 4.9542167 ], [ -74.9670991, 4.9539543 ], [ -74.9669288, 4.9539427 ], [ -74.9669108, 4.9542051 ], [ -74.9670811, 4.9542167 ] ] ] ] } },
{ "type": "Feature", "properties": { "fid": 145, "osm_id": null, "osm_way_id": "840334485", "name": "escuela", "type": null, "aeroway": null, "amenity": "school", "admin_level": null, "barrier": null, "boundary": null, "building": null, "craft": null, "geological": null, "historic": null, "land_area": null, "landuse": null, "leisure": null, "man_made": null, "military": null, "natural": null, "office": null, "place": null, "shop": null, "sport": null, "tourism": null, "other_tags": null }, "geometry": { "type": "MultiPolygon", "coordinates": [ [ [ [ -74.9671362, 4.954224 ], [ -74.9671614, 4.9538068 ], [ -74.9670464, 4.9537477 ], [ -74.96689, 4.9536958 ], [ -74.9667157, 4.9536922 ], [ -74.9665416, 4.9537375 ], [ -74.9665907, 4.9539299 ], [ -74.9666366, 4.9541094 ], [ -74.9668235, 4.9540771 ], [ -74.9668505, 4.9542347 ], [ -74.9671362, 4.954224 ] ] ] ] } },
{ "type": "Feature", "properties": { "fid": 146, "osm_id": null, "osm_way_id": "840334486", "name": null, "type": null, "aeroway": null, "amenity": null, "admin_level": null, "barrier": null, "boundary": null, "building": "terrace", "craft": null, "geological": null, "historic": null, "land_area": null, "landuse": null, "leisure": null, "man_made": null, "military": null, "natural": null, "office": null, "place": null, "shop": null, "sport": null, "tourism": null, "other_tags": null }, "geometry": { "type": "MultiPolygon", "coordinates": [ [ [ [ -74.9665416, 4.9537375 ], [ -74.9664284, 4.9537745 ], [ -74.9664776, 4.9539598 ], [ -74.9665907, 4.9539299 ], [ -74.9665416, 4.9537375 ] ] ] ] } },
{ "type": "Feature", "properties": { "fid": 147, "osm_id": null, "osm_way_id": "840334487", "name": null, "type": null, "aeroway": null, "amenity": null, "admin_level": null, "barrier": null, "boundary": null, "building": "terrace", "craft": null, "geological": null, "historic": null, "land_area": null, "landuse": null, "leisure": null, "man_made": null, "military": null, "natural": null, "office": null, "place": null, "shop": null, "sport": null, "tourism": null, "other_tags": null }, "geometry": { "type": "MultiPolygon", "coordinates": [ [ [ [ -74.9662736, 4.9541309 ], [ -74.966288, 4.953882 ], [ -74.9659968, 4.9538211 ], [ -74.965986, 4.9538856 ], [ -74.9660849, 4.953916 ], [ -74.9660759, 4.9539518 ], [ -74.9659285, 4.9539035 ], [ -74.9658835, 4.9540203 ], [ -74.9659372, 4.954033 ], [ -74.9660148, 4.9540592 ], [ -74.9660363, 4.9540019 ], [ -74.9662113, 4.9540398 ], [ -74.9662209, 4.9541283 ], [ -74.9662736, 4.9541309 ] ] ] ] } },
{ "type": "Feature", "properties": { "fid": 148, "osm_id": null, "osm_way_id": "840334488", "name": null, "type": null, "aeroway": null, "amenity": null, "admin_level": null, "barrier": null, "boundary": null, "building": "terrace", "craft": null, "geological": null, "historic": null, "land_area": null, "landuse": null, "leisure": null, "man_made": null, "military": null, "natural": null, "office": null, "place": null, "shop": null, "sport": null, "tourism": null, "other_tags": null }, "geometry": { "type": "MultiPolygon", "coordinates": [ [ [ [ -74.9664905, 4.9540009 ], [ -74.9663267, 4.9539223 ], [ -74.9662988, 4.9539799 ], [ -74.9664023, 4.9540296 ], [ -74.9663779, 4.95408 ], [ -74.9664383, 4.954109 ], [ -74.9664905, 4.9540009 ] ] ] ] } },
{ "type": "Feature", "properties": { "fid": 149, "osm_id": null, "osm_way_id": "840334489", "name": null, "type": null, "aeroway": null, "amenity": null, "admin_level": null, "barrier": null, "boundary": null, "building": "terrace", "craft": null, "geological": null, "historic": null, "land_area": null, "landuse": null, "leisure": null, "man_made": null, "military": null, "natural": null, "office": null, "place": null, "shop": null, "sport": null, "tourism": null, "other_tags": null }, "geometry": { "type": "MultiPolygon", "coordinates": [ [ [ [ -74.9658926, 4.9538802 ], [ -74.965737, 4.9538421 ], [ -74.965721, 4.9539071 ], [ -74.9656846, 4.9538982 ], [ -74.9656683, 4.9539643 ], [ -74.9657796, 4.9539915 ], [ -74.9657952, 4.953928 ], [ -74.9658782, 4.9539482 ], [ -74.9658926, 4.9538802 ] ] ] ] } },
{ "type": "Feature", "properties": { "fid": 150, "osm_id": null, "osm_way_id": "840334490", "name": null, "type": null, "aeroway": null, "amenity": null, "admin_level": null, "barrier": null, "boundary": null, "building": "terrace", "craft": null, "geological": null, "historic": null, "land_area": null, "landuse": null, "leisure": null, "man_made": null, "military": null, "natural": null, "office": null, "place": null, "shop": null, "sport": null, "tourism": null, "other_tags": null }, "geometry": { "type": "MultiPolygon", "coordinates": [ [ [ [ -74.9658835, 4.9540203 ], [ -74.965847, 4.9540128 ], [ -74.9658249, 4.9541185 ], [ -74.9659223, 4.9541387 ], [ -74.9659372, 4.954033 ], [ -74.9658835, 4.9540203 ] ] ] ] } },
{ "type": "Feature", "properties": { "fid": 151, "osm_id": null, "osm_way_id": "840334491", "name": null, "type": null, "aeroway": null, "amenity": null, "admin_level": null, "barrier": null, "boundary": null, "building": "terrace", "craft": null, "geological": null, "historic": null, "land_area": null, "landuse": null, "leisure": null, "man_made": null, "military": null, "natural": null, "office": null, "place": null, "shop": null, "sport": null, "tourism": null, "other_tags": null }, "geometry": { "type": "MultiPolygon", "coordinates": [ [ [ [ -74.965794, 4.9536052 ], [ -74.9656225, 4.9534662 ], [ -74.9657057, 4.9533644 ], [ -74.9657825, 4.9534266 ], [ -74.9657469, 4.9534701 ], [ -74.9658416, 4.9535469 ], [ -74.965794, 4.9536052 ] ] ] ] } },
{ "type": "Feature", "properties": { "fid": 152, "osm_id": null, "osm_way_id": "840334492", "name": null, "type": null, "aeroway": null, "amenity": null, "admin_level": null, "barrier": null, "boundary": null, "building": "terrace", "craft": null, "geological": null, "historic": null, "land_area": null, "landuse": null, "leisure": null, "man_made": null, "military": null, "natural": null, "office": null, "place": null, "shop": null, "sport": null, "tourism": null, "other_tags": null }, "geometry": { "type": "MultiPolygon", "coordinates": [ [ [ [ -74.9657975, 4.9537626 ], [ -74.9656273, 4.9539151 ], [ -74.965584, 4.9538672 ], [ -74.9657542, 4.9537147 ], [ -74.9657975, 4.9537626 ] ] ] ] } },
{ "type": "Feature", "properties": { "fid": 153, "osm_id": null, "osm_way_id": "840334493", "name": null, "type": null, "aeroway": null, "amenity": null, "admin_level": null, "barrier": null, "boundary": null, "building": "terrace", "craft": null, "geological": null, "historic": null, "land_area": null, "landuse": null, "leisure": null, "man_made": null, "military": null, "natural": null, "office": null, "place": null, "shop": null, "sport": null, "tourism": null, "other_tags": null }, "geometry": { "type": "MultiPolygon", "coordinates": [ [ [ [ -74.9657008, 4.9536653 ], [ -74.9656807, 4.9537386 ], [ -74.9655379, 4.9537144 ], [ -74.9655597, 4.9536426 ], [ -74.9655998, 4.9536547 ], [ -74.9656107, 4.9536188 ], [ -74.9657008, 4.9536653 ] ] ] ] } },
{ "type": "Feature", "properties": { "fid": 154, "osm_id": null, "osm_way_id": "840334494", "name": null, "type": null, "aeroway": null, "amenity": null, "admin_level": null, "barrier": null, "boundary": null, "building": "terrace", "craft": null, "geological": null, "historic": null, "land_area": null, "landuse": null, "leisure": null, "man_made": null, "military": null, "natural": null, "office": null, "place": null, "shop": null, "sport": null, "tourism": null, "other_tags": null }, "geometry": { "type": "MultiPolygon", "coordinates": [ [ [ [ -74.9664492, 4.9536492 ], [ -74.9664676, 4.9534848 ], [ -74.9663538, 4.9534721 ], [ -74.9663479, 4.9535251 ], [ -74.9662881, 4.9535185 ], [ -74.9662757, 4.95363 ], [ -74.9664492, 4.9536492 ] ] ] ] } },
{ "type": "Feature", "properties": { "fid": 155, "osm_id": null, "osm_way_id": "840334495", "name": null, "type": null, "aeroway": null, "amenity": null, "admin_level": null, "barrier": null, "boundary": null, "building": "terrace", "craft": null, "geological": null, "historic": null, "land_area": null, "landuse": null, "leisure": null, "man_made": null, "military": null, "natural": null, "office": null, "place": null, "shop": null, "sport": null, "tourism": null, "other_tags": null }, "geometry": { "type": "MultiPolygon", "coordinates": [ [ [ [ -74.9665318, 4.953666 ], [ -74.966563, 4.9533995 ], [ -74.966635, 4.9531922 ], [ -74.9668243, 4.9532218 ], [ -74.9668134, 4.9533122 ], [ -74.9667367, 4.9533153 ], [ -74.9667367, 4.9533932 ], [ -74.9666976, 4.9533932 ], [ -74.9666851, 4.9535398 ], [ -74.9667414, 4.9535398 ], [ -74.9667351, 4.9536271 ], [ -74.9665318, 4.953666 ] ] ] ] } },
{ "type": "Feature", "properties": { "fid": 156, "osm_id": null, "osm_way_id": "840334496", "name": null, "type": null, "aeroway": null, "amenity": null, "admin_level": null, "barrier": null, "boundary": null, "building": "terrace", "craft": null, "geological": null, "historic": null, "land_area": null, "landuse": null, "leisure": null, "man_made": null, "military": null, "natural": null, "office": null, "place": null, "shop": null, "sport": null, "tourism": null, "other_tags": null }, "geometry": { "type": "MultiPolygon", "coordinates": [ [ [ [ -74.9664958, 4.9533371 ], [ -74.9665474, 4.9532686 ], [ -74.9665036, 4.9532187 ], [ -74.9665787, 4.9531189 ], [ -74.9665005, 4.9530737 ], [ -74.9664207, 4.9531532 ], [ -74.9663299, 4.9530457 ], [ -74.9662501, 4.953108 ], [ -74.9663565, 4.9532561 ], [ -74.9664035, 4.9532327 ], [ -74.9664958, 4.9533371 ] ] ] ] } },
{ "type": "Feature", "properties": { "fid": 157, "osm_id": null, "osm_way_id": "840334497", "name": null, "type": null, "aeroway": null, "amenity": null, "admin_level": null, "barrier": null, "boundary": null, "building": "terrace", "craft": null, "geological": null, "historic": null, "land_area": null, "landuse": null, "leisure": null, "man_made": null, "military": null, "natural": null, "office": null, "place": null, "shop": null, "sport": null, "tourism": null, "other_tags": null }, "geometry": { "type": "MultiPolygon", "coordinates": [ [ [ [ -74.9668744, 4.9535554 ], [ -74.9668775, 4.9534852 ], [ -74.9669417, 4.9534883 ], [ -74.9669385, 4.9534166 ], [ -74.9671232, 4.9534447 ], [ -74.9671013, 4.9535335 ], [ -74.9671748, 4.9535476 ], [ -74.9671529, 4.9536411 ], [ -74.9668744, 4.9535554 ] ] ] ] } },
{ "type": "Feature", "properties": { "fid": 158, "osm_id": null, "osm_way_id": "840334498", "name": null, "type": null, "aeroway": null, "amenity": null, "admin_level": null, "barrier": null, "boundary": null, "building": "house", "craft": null, "geological": null, "historic": null, "land_area": null, "landuse": null, "leisure": null, "man_made": null, "military": null, "natural": null, "office": null, "place": null, "shop": null, "sport": null, "tourism": null, "other_tags": null }, "geometry": { "type": "MultiPolygon", "coordinates": [ [ [ [ -74.9674466, 4.9538688 ], [ -74.9675183, 4.9537265 ], [ -74.9674257, 4.9536803 ], [ -74.967354, 4.9538226 ], [ -74.9674466, 4.9538688 ] ] ] ] } },
{ "type": "Feature", "properties": { "fid": 159, "osm_id": null, "osm_way_id": "840334499", "name": null, "type": null, "aeroway": null, "amenity": null, "admin_level": null, "barrier": null, "boundary": null, "building": "house", "craft": null, "geological": null, "historic": null, "land_area": null, "landuse": null, "leisure": null, "man_made": null, "military": null, "natural": null, "office": null, "place": null, "shop": null, "sport": null, "tourism": null, "other_tags": null }, "geometry": { "type": "MultiPolygon", "coordinates": [ [ [ [ -74.9675467, 4.9539208 ], [ -74.9676183, 4.9537785 ], [ -74.9675258, 4.9537323 ], [ -74.9674541, 4.9538746 ], [ -74.9675467, 4.9539208 ] ] ] ] } },
{ "type": "Feature", "properties": { "fid": 160, "osm_id": null, "osm_way_id": "840334500", "name": null, "type": null, "aeroway": null, "amenity": null, "admin_level": null, "barrier": null, "boundary": null, "building": "house", "craft": null, "geological": null, "historic": null, "land_area": null, "landuse": null, "leisure": null, "man_made": null, "military": null, "natural": null, "office": null, "place": null, "shop": null, "sport": null, "tourism": null, "other_tags": null }, "geometry": { "type": "MultiPolygon", "coordinates": [ [ [ [ -74.9676484, 4.9540035 ], [ -74.96772, 4.9538612 ], [ -74.9676275, 4.9538149 ], [ -74.9675558, 4.9539572 ], [ -74.9676484, 4.9540035 ] ] ] ] } },
{ "type": "Feature", "properties": { "fid": 161, "osm_id": null, "osm_way_id": "840334501", "name": null, "type": null, "aeroway": null, "amenity": null, "admin_level": null, "barrier": null, "boundary": null, "building": "house", "craft": null, "geological": null, "historic": null, "land_area": null, "landuse": null, "leisure": null, "man_made": null, "military": null, "natural": null, "office": null, "place": null, "shop": null, "sport": null, "tourism": null, "other_tags": null }, "geometry": { "type": "MultiPolygon", "coordinates": [ [ [ [ -74.9678689, 4.954165 ], [ -74.9677253, 4.9540629 ], [ -74.9677935, 4.9539677 ], [ -74.9679371, 4.9540698 ], [ -74.9678689, 4.954165 ] ] ] ] } },
{ "type": "Feature", "properties": { "fid": 162, "osm_id": null, "osm_way_id": "840334502", "name": null, "type": null, "aeroway": null, "amenity": null, "admin_level": null, "barrier": null, "boundary": null, "building": "house", "craft": null, "geological": null, "historic": null, "land_area": null, "landuse": null, "leisure": null, "man_made": null, "military": null, "natural": null, "office": null, "place": null, "shop": null, "sport": null, "tourism": null, "other_tags": null }, "geometry": { "type": "MultiPolygon", "coordinates": [ [ [ [ -74.9674904, 4.9542792 ], [ -74.9675627, 4.9541672 ], [ -74.9674517, 4.9540961 ], [ -74.9673794, 4.954208 ], [ -74.9674904, 4.9542792 ] ] ] ] } },
{ "type": "Feature", "properties": { "fid": 163, "osm_id": null, "osm_way_id": "840334503", "name": null, "type": null, "aeroway": null, "amenity": null, "admin_level": null, "barrier": null, "boundary": null, "building": "house", "craft": null, "geological": null, "historic": null, "land_area": null, "landuse": null, "leisure": null, "man_made": null, "military": null, "natural": null, "office": null, "place": null, "shop": null, "sport": null, "tourism": null, "other_tags": null }, "geometry": { "type": "MultiPolygon", "coordinates": [ [ [ [ -74.9672433, 4.9546587 ], [ -74.9672869, 4.954609 ], [ -74.9672016, 4.9545347 ], [ -74.967138, 4.9546071 ], [ -74.9671792, 4.954643 ], [ -74.9671408, 4.9546868 ], [ -74.9672205, 4.9547562 ], [ -74.9672788, 4.9546896 ], [ -74.9672433, 4.9546587 ] ] ] ] } },
{ "type": "Feature", "properties": { "fid": 164, "osm_id": null, "osm_way_id": "840334504", "name": null, "type": null, "aeroway": null, "amenity": null, "admin_level": null, "barrier": null, "boundary": null, "building": "terrace", "craft": null, "geological": null, "historic": null, "land_area": null, "landuse": null, "leisure": null, "man_made": null, "military": null, "natural": null, "office": null, "place": null, "shop": null, "sport": null, "tourism": null, "other_tags": null }, "geometry": { "type": "MultiPolygon", "coordinates": [ [ [ [ -74.9678592, 4.9543381 ], [ -74.9676921, 4.9542446 ], [ -74.9676455, 4.9543272 ], [ -74.9676973, 4.9543562 ], [ -74.9676836, 4.9543806 ], [ -74.9677459, 4.9544155 ], [ -74.967727, 4.9544492 ], [ -74.9677799, 4.9544788 ], [ -74.9678592, 4.9543381 ] ] ] ] } },
{ "type": "Feature", "properties": { "fid": 165, "osm_id": null, "osm_way_id": "840334505", "name": null, "type": null, "aeroway": null, "amenity": null, "admin_level": null, "barrier": null, "boundary": null, "building": "terrace", "craft": null, "geological": null, "historic": null, "land_area": null, "landuse": null, "leisure": null, "man_made": null, "military": null, "natural": null, "office": null, "place": null, "shop": null, "sport": null, "tourism": null, "other_tags": null }, "geometry": { "type": "MultiPolygon", "coordinates": [ [ [ [ -74.968182, 4.9544348 ], [ -74.967968, 4.9542638 ], [ -74.9680785, 4.9541264 ], [ -74.9681564, 4.9541886 ], [ -74.9681129, 4.9542426 ], [ -74.9682491, 4.9543515 ], [ -74.968182, 4.9544348 ] ] ] ] } },
{ "type": "Feature", "properties": { "fid": 166, "osm_id": null, "osm_way_id": "840334506", "name": null, "type": null, "aeroway": null, "amenity": null, "admin_level": null, "barrier": null, "boundary": null, "building": "terrace", "craft": null, "geological": null, "historic": null, "land_area": null, "landuse": null, "leisure": null, "man_made": null, "military": null, "natural": null, "office": null, "place": null, "shop": null, "sport": null, "tourism": null, "other_tags": null }, "geometry": { "type": "MultiPolygon", "coordinates": [ [ [ [ -74.9683659, 4.954661 ], [ -74.9683373, 4.9545415 ], [ -74.9685301, 4.9544875 ], [ -74.9685516, 4.9545692 ], [ -74.968506, 4.9545811 ], [ -74.9685163, 4.9546204 ], [ -74.9683659, 4.954661 ] ] ] ] } },
{ "type": "Feature", "properties": { "fid": 167, "osm_id": null, "osm_way_id": "840334507", "name": null, "type": null, "aeroway": null, "amenity": null, "admin_level": null, "barrier": null, "boundary": null, "building": "house", "craft": null, "geological": null, "historic": null, "land_area": null, "landuse": null, "leisure": null, "man_made": null, "military": null, "natural": null, "office": null, "place": null, "shop": null, "sport": null, "tourism": null, "other_tags": null }, "geometry": { "type": "MultiPolygon", "coordinates": [ [ [ [ -74.9682882, 4.9544959 ], [ -74.9683546, 4.9544462 ], [ -74.96832, 4.9544003 ], [ -74.9682536, 4.9544499 ], [ -74.9682882, 4.9544959 ] ] ] ] } },
{ "type": "Feature", "properties": { "fid": 168, "osm_id": null, "osm_way_id": "840334508", "name": null, "type": null, "aeroway": null, "amenity": null, "admin_level": null, "barrier": null, "boundary": null, "building": "house", "craft": null, "geological": null, "historic": null, "land_area": null, "landuse": null, "leisure": null, "man_made": null, "military": null, "natural": null, "office": null, "place": null, "shop": null, "sport": null, "tourism": null, "other_tags": null }, "geometry": { "type": "MultiPolygon", "coordinates": [ [ [ [ -74.9680043, 4.9544297 ], [ -74.9679257, 4.9543788 ], [ -74.9678404, 4.9545086 ], [ -74.9679178, 4.9545591 ], [ -74.9679812, 4.9544628 ], [ -74.9680043, 4.9544297 ] ] ] ] } },
{ "type": "Feature", "properties": { "fid": 169, "osm_id": null, "osm_way_id": "840334509", "name": null, "type": null, "aeroway": null, "amenity": null, "admin_level": null, "barrier": null, "boundary": null, "building": "house", "craft": null, "geological": null, "historic": null, "land_area": null, "landuse": null, "leisure": null, "man_made": null, "military": null, "natural": null, "office": null, "place": null, "shop": null, "sport": null, "tourism": null, "other_tags": null }, "geometry": { "type": "MultiPolygon", "coordinates": [ [ [ [ -74.9679812, 4.9544628 ], [ -74.9681312, 4.9545778 ], [ -74.9680656, 4.9546627 ], [ -74.9679178, 4.9545591 ], [ -74.9679812, 4.9544628 ] ] ] ] } },
{ "type": "Feature", "properties": { "fid": 170, "osm_id": null, "osm_way_id": "840334510", "name": null, "type": null, "aeroway": null, "amenity": null, "admin_level": null, "barrier": null, "boundary": null, "building": "terrace", "craft": null, "geological": null, "historic": null, "land_area": null, "landuse": null, "leisure": null, "man_made": null, "military": null, "natural": null, "office": null, "place": null, "shop": null, "sport": null, "tourism": null, "other_tags": null }, "geometry": { "type": "MultiPolygon", "coordinates": [ [ [ [ -74.9681312, 4.9545778 ], [ -74.9681761, 4.9545467 ], [ -74.9682465, 4.9546527 ], [ -74.9682575, 4.9547571 ], [ -74.9681714, 4.9547556 ], [ -74.9681651, 4.9547867 ], [ -74.9680854, 4.9547743 ], [ -74.9680656, 4.9546627 ], [ -74.9681312, 4.9545778 ] ] ] ] } },
{ "type": "Feature", "properties": { "fid": 171, "osm_id": null, "osm_way_id": "840334511", "name": null, "type": null, "aeroway": null, "amenity": null, "admin_level": null, "barrier": null, "boundary": null, "building": "house", "craft": null, "geological": null, "historic": null, "land_area": null, "landuse": null, "leisure": null, "man_made": null, "military": null, "natural": null, "office": null, "place": null, "shop": null, "sport": null, "tourism": null, "other_tags": null }, "geometry": { "type": "MultiPolygon", "coordinates": [ [ [ [ -74.9681935, 4.9548915 ], [ -74.968133, 4.9548745 ], [ -74.9681535, 4.9548023 ], [ -74.968214, 4.9548193 ], [ -74.9681935, 4.9548915 ] ] ] ] } },
{ "type": "Feature", "properties": { "fid": 172, "osm_id": null, "osm_way_id": "840334512", "name": null, "type": null, "aeroway": null, "amenity": null, "admin_level": null, "barrier": null, "boundary": null, "building": "house", "craft": null, "geological": null, "historic": null, "land_area": null, "landuse": null, "leisure": null, "man_made": null, "military": null, "natural": null, "office": null, "place": null, "shop": null, "sport": null, "tourism": null, "other_tags": null }, "geometry": { "type": "MultiPolygon", "coordinates": [ [ [ [ -74.9684855, 4.9548121 ], [ -74.9684718, 4.9547083 ], [ -74.9684033, 4.9547172 ], [ -74.968417, 4.9548211 ], [ -74.9684855, 4.9548121 ] ] ] ] } },
{ "type": "Feature", "properties": { "fid": 173, "osm_id": null, "osm_way_id": "840334513", "name": null, "type": null, "aeroway": null, "amenity": null, "admin_level": null, "barrier": null, "boundary": null, "building": "house", "craft": null, "geological": null, "historic": null, "land_area": null, "landuse": null, "leisure": null, "man_made": null, "military": null, "natural": null, "office": null, "place": null, "shop": null, "sport": null, "tourism": null, "other_tags": null }, "geometry": { "type": "MultiPolygon", "coordinates": [ [ [ [ -74.9684061, 4.9550455 ], [ -74.968462, 4.9549513 ], [ -74.968376, 4.9549007 ], [ -74.9683372, 4.954966 ], [ -74.9684061, 4.9550455 ] ] ] ] } },
{ "type": "Feature", "properties": { "fid": 174, "osm_id": null, "osm_way_id": "840334514", "name": null, "type": null, "aeroway": null, "amenity": null, "admin_level": null, "barrier": null, "boundary": null, "building": "house", "craft": null, "geological": null, "historic": null, "land_area": null, "landuse": null, "leisure": null, "man_made": null, "military": null, "natural": null, "office": null, "place": null, "shop": null, "sport": null, "tourism": null, "other_tags": null }, "geometry": { "type": "MultiPolygon", "coordinates": [ [ [ [ -74.9683627, 4.9550581 ], [ -74.9683365, 4.9549983 ], [ -74.968277, 4.9550242 ], [ -74.9683033, 4.955084 ], [ -74.9683627, 4.9550581 ] ] ] ] } },
{ "type": "Feature", "properties": { "fid": 175, "osm_id": null, "osm_way_id": "840334515", "name": null, "type": null, "aeroway": null, "amenity": null, "admin_level": null, "barrier": null, "boundary": null, "building": "house", "craft": null, "geological": null, "historic": null, "land_area": null, "landuse": null, "leisure": null, "man_made": null, "military": null, "natural": null, "office": null, "place": null, "shop": null, "sport": null, "tourism": null, "other_tags": null }, "geometry": { "type": "MultiPolygon", "coordinates": [ [ [ [ -74.9680855, 4.9549793 ], [ -74.9680337, 4.9548896 ], [ -74.9680807, 4.9548631 ], [ -74.9681325, 4.954952 ], [ -74.9680855, 4.9549793 ] ] ] ] } },
{ "type": "Feature", "properties": { "fid": 176, "osm_id": null, "osm_way_id": "840334516", "name": null, "type": null, "aeroway": null, "amenity": null, "admin_level": null, "barrier": null, "boundary": null, "building": "house", "craft": null, "geological": null, "historic": null, "land_area": null, "landuse": null, "leisure": null, "man_made": null, "military": null, "natural": null, "office": null, "place": null, "shop": null, "sport": null, "tourism": null, "other_tags": null }, "geometry": { "type": "MultiPolygon", "coordinates": [ [ [ [ -74.9677543, 4.9555574 ], [ -74.9676707, 4.9554313 ], [ -74.9677607, 4.9553721 ], [ -74.9678442, 4.9554982 ], [ -74.9677543, 4.9555574 ] ] ] ] } },
{ "type": "Feature", "properties": { "fid": 177, "osm_id": null, "osm_way_id": "840334517", "name": null, "type": null, "aeroway": null, "amenity": null, "admin_level": null, "barrier": null, "boundary": null, "building": "house", "craft": null, "geological": null, "historic": null, "land_area": null, "landuse": null, "leisure": null, "man_made": null, "military": null, "natural": null, "office": null, "place": null, "shop": null, "sport": null, "tourism": null, "other_tags": null }, "geometry": { "type": "MultiPolygon", "coordinates": [ [ [ [ -74.9678841, 4.9553004 ], [ -74.9677997, 4.9552673 ], [ -74.9678337, 4.9551816 ], [ -74.967918, 4.9552147 ], [ -74.9678841, 4.9553004 ] ] ] ] } },
{ "type": "Feature", "properties": { "fid": 178, "osm_id": null, "osm_way_id": "840334518", "name": null, "type": null, "aeroway": null, "amenity": null, "admin_level": null, "barrier": null, "boundary": null, "building": "house", "craft": null, "geological": null, "historic": null, "land_area": null, "landuse": null, "leisure": null, "man_made": null, "military": null, "natural": null, "office": null, "place": null, "shop": null, "sport": null, "tourism": null, "other_tags": null }, "geometry": { "type": "MultiPolygon", "coordinates": [ [ [ [ -74.9675978, 4.9552151 ], [ -74.9675456, 4.9551497 ], [ -74.9675946, 4.9551108 ], [ -74.9676469, 4.9551762 ], [ -74.9675978, 4.9552151 ] ] ] ] } },
{ "type": "Feature", "properties": { "fid": 179, "osm_id": null, "osm_way_id": "840334519", "name": null, "type": null, "aeroway": null, "amenity": null, "admin_level": null, "barrier": null, "boundary": null, "building": "house", "craft": null, "geological": null, "historic": null, "land_area": null, "landuse": null, "leisure": null, "man_made": null, "military": null, "natural": null, "office": null, "place": null, "shop": null, "sport": null, "tourism": null, "other_tags": null }, "geometry": { "type": "MultiPolygon", "coordinates": [ [ [ [ -74.9675284, 4.954987 ], [ -74.9674762, 4.9549215 ], [ -74.9675252, 4.9548827 ], [ -74.9675775, 4.9549481 ], [ -74.9675284, 4.954987 ] ] ] ] } },
{ "type": "Feature", "properties": { "fid": 180, "osm_id": null, "osm_way_id": "840334520", "name": null, "type": null, "aeroway": null, "amenity": null, "admin_level": null, "barrier": null, "boundary": null, "building": "house", "craft": null, "geological": null, "historic": null, "land_area": null, "landuse": null, "leisure": null, "man_made": null, "military": null, "natural": null, "office": null, "place": null, "shop": null, "sport": null, "tourism": null, "other_tags": null }, "geometry": { "type": "MultiPolygon", "coordinates": [ [ [ [ -74.9682512, 4.955746 ], [ -74.9683303, 4.9556752 ], [ -74.9682903, 4.9556308 ], [ -74.9682112, 4.9557016 ], [ -74.9682512, 4.955746 ] ] ] ] } },
{ "type": "Feature", "properties": { "fid": 181, "osm_id": null, "osm_way_id": "840334521", "name": null, "type": null, "aeroway": null, "amenity": null, "admin_level": null, "barrier": null, "boundary": null, "building": "house", "craft": null, "geological": null, "historic": null, "land_area": null, "landuse": null, "leisure": null, "man_made": null, "military": null, "natural": null, "office": null, "place": null, "shop": null, "sport": null, "tourism": null, "other_tags": null }, "geometry": { "type": "MultiPolygon", "coordinates": [ [ [ [ -74.9684879, 4.9555725 ], [ -74.9684634, 4.9555162 ], [ -74.9683845, 4.9555503 ], [ -74.968409, 4.9556065 ], [ -74.9684879, 4.9555725 ] ] ] ] } },
{ "type": "Feature", "properties": { "fid": 182, "osm_id": null, "osm_way_id": "840334522", "name": null, "type": null, "aeroway": null, "amenity": null, "admin_level": null, "barrier": null, "boundary": null, "building": "house", "craft": null, "geological": null, "historic": null, "land_area": null, "landuse": null, "leisure": null, "man_made": null, "military": null, "natural": null, "office": null, "place": null, "shop": null, "sport": null, "tourism": null, "other_tags": null }, "geometry": { "type": "MultiPolygon", "coordinates": [ [ [ [ -74.9686504, 4.9555587 ], [ -74.9686712, 4.9554893 ], [ -74.9685423, 4.9554508 ], [ -74.9685214, 4.9555203 ], [ -74.9686504, 4.9555587 ] ] ] ] } },
{ "type": "Feature", "properties": { "fid": 183, "osm_id": null, "osm_way_id": "840334523", "name": null, "type": null, "aeroway": null, "amenity": null, "admin_level": null, "barrier": null, "boundary": null, "building": "house", "craft": null, "geological": null, "historic": null, "land_area": null, "landuse": null, "leisure": null, "man_made": null, "military": null, "natural": null, "office": null, "place": null, "shop": null, "sport": null, "tourism": null, "other_tags": null }, "geometry": { "type": "MultiPolygon", "coordinates": [ [ [ [ -74.9687635, 4.9557322 ], [ -74.9687339, 4.9556093 ], [ -74.9686769, 4.9556229 ], [ -74.9687065, 4.9557458 ], [ -74.9687635, 4.9557322 ] ] ] ] } },
{ "type": "Feature", "properties": { "fid": 184, "osm_id": null, "osm_way_id": "840334524", "name": null, "type": null, "aeroway": null, "amenity": null, "admin_level": null, "barrier": null, "boundary": null, "building": "house", "craft": null, "geological": null, "historic": null, "land_area": null, "landuse": null, "leisure": null, "man_made": null, "military": null, "natural": null, "office": null, "place": null, "shop": null, "sport": null, "tourism": null, "other_tags": null }, "geometry": { "type": "MultiPolygon", "coordinates": [ [ [ [ -74.9688218, 4.9560926 ], [ -74.9688044, 4.9559825 ], [ -74.968747, 4.9559915 ], [ -74.9687561, 4.956049 ], [ -74.9687402, 4.9560515 ], [ -74.9687485, 4.9561041 ], [ -74.9688218, 4.9560926 ] ] ] ] } },
{ "type": "Feature", "properties": { "fid": 185, "osm_id": null, "osm_way_id": "840334525", "name": null, "type": null, "aeroway": null, "amenity": null, "admin_level": null, "barrier": null, "boundary": null, "building": "house", "craft": null, "geological": null, "historic": null, "land_area": null, "landuse": null, "leisure": null, "man_made": null, "military": null, "natural": null, "office": null, "place": null, "shop": null, "sport": null, "tourism": null, "other_tags": null }, "geometry": { "type": "MultiPolygon", "coordinates": [ [ [ [ -74.9690287, 4.9561711 ], [ -74.9689564, 4.9561282 ], [ -74.9689077, 4.9562097 ], [ -74.9689799, 4.9562526 ], [ -74.9690287, 4.9561711 ] ] ] ] } },
{ "type": "Feature", "properties": { "fid": 186, "osm_id": null, "osm_way_id": "840334526", "name": null, "type": null, "aeroway": null, "amenity": null, "admin_level": null, "barrier": null, "boundary": null, "building": "house", "craft": null, "geological": null, "historic": null, "land_area": null, "landuse": null, "leisure": null, "man_made": null, "military": null, "natural": null, "office": null, "place": null, "shop": null, "sport": null, "tourism": null, "other_tags": null }, "geometry": { "type": "MultiPolygon", "coordinates": [ [ [ [ -74.9692066, 4.9562887 ], [ -74.9691344, 4.9562458 ], [ -74.9690856, 4.9563273 ], [ -74.9691579, 4.9563702 ], [ -74.9692066, 4.9562887 ] ] ] ] } },
{ "type": "Feature", "properties": { "fid": 187, "osm_id": null, "osm_way_id": "840334527", "name": null, "type": null, "aeroway": null, "amenity": null, "admin_level": null, "barrier": null, "boundary": null, "building": "house", "craft": null, "geological": null, "historic": null, "land_area": null, "landuse": null, "leisure": null, "man_made": null, "military": null, "natural": null, "office": null, "place": null, "shop": null, "sport": null, "tourism": null, "other_tags": null }, "geometry": { "type": "MultiPolygon", "coordinates": [ [ [ [ -74.9691075, 4.956236 ], [ -74.9690448, 4.9561934 ], [ -74.9690113, 4.9562425 ], [ -74.969074, 4.956285 ], [ -74.9691075, 4.956236 ] ] ] ] } },
{ "type": "Feature", "properties": { "fid": 188, "osm_id": null, "osm_way_id": "840334528", "name": null, "type": null, "aeroway": null, "amenity": null, "admin_level": null, "barrier": null, "boundary": null, "building": "house", "craft": null, "geological": null, "historic": null, "land_area": null, "landuse": null, "leisure": null, "man_made": null, "military": null, "natural": null, "office": null, "place": null, "shop": null, "sport": null, "tourism": null, "other_tags": null }, "geometry": { "type": "MultiPolygon", "coordinates": [ [ [ [ -74.9694586, 4.9564217 ], [ -74.9693959, 4.9563791 ], [ -74.9693624, 4.9564282 ], [ -74.9694251, 4.9564707 ], [ -74.9694586, 4.9564217 ] ] ] ] } },
{ "type": "Feature", "properties": { "fid": 189, "osm_id": null, "osm_way_id": "840334529", "name": null, "type": null, "aeroway": null, "amenity": null, "admin_level": null, "barrier": null, "boundary": null, "building": "house", "craft": null, "geological": null, "historic": null, "land_area": null, "landuse": null, "leisure": null, "man_made": null, "military": null, "natural": null, "office": null, "place": null, "shop": null, "sport": null, "tourism": null, "other_tags": null }, "geometry": { "type": "MultiPolygon", "coordinates": [ [ [ [ -74.9692525, 4.9568178 ], [ -74.9691949, 4.9566647 ], [ -74.9690959, 4.9567016 ], [ -74.9691535, 4.9568547 ], [ -74.9692525, 4.9568178 ] ] ] ] } },
{ "type": "Feature", "properties": { "fid": 190, "osm_id": null, "osm_way_id": "840334530", "name": null, "type": null, "aeroway": null, "amenity": null, "admin_level": null, "barrier": null, "boundary": null, "building": "house", "craft": null, "geological": null, "historic": null, "land_area": null, "landuse": null, "leisure": null, "man_made": null, "military": null, "natural": null, "office": null, "place": null, "shop": null, "sport": null, "tourism": null, "other_tags": null }, "geometry": { "type": "MultiPolygon", "coordinates": [ [ [ [ -74.9691009, 4.9567925 ], [ -74.9690569, 4.9566786 ], [ -74.9689884, 4.9567049 ], [ -74.9690324, 4.9568188 ], [ -74.9691009, 4.9567925 ] ] ] ] } },
{ "type": "Feature", "properties": { "fid": 191, "osm_id": null, "osm_way_id": "840334531", "name": null, "type": null, "aeroway": null, "amenity": null, "admin_level": null, "barrier": null, "boundary": null, "building": "house", "craft": null, "geological": null, "historic": null, "land_area": null, "landuse": null, "leisure": null, "man_made": null, "military": null, "natural": null, "office": null, "place": null, "shop": null, "sport": null, "tourism": null, "other_tags": null }, "geometry": { "type": "MultiPolygon", "coordinates": [ [ [ [ -74.9685656, 4.9567976 ], [ -74.9685216, 4.9566837 ], [ -74.9684531, 4.95671 ], [ -74.968497, 4.9568239 ], [ -74.9685656, 4.9567976 ] ] ] ] } },
{ "type": "Feature", "properties": { "fid": 192, "osm_id": null, "osm_way_id": "840334532", "name": null, "type": null, "aeroway": null, "amenity": null, "admin_level": null, "barrier": null, "boundary": null, "building": "house", "craft": null, "geological": null, "historic": null, "land_area": null, "landuse": null, "leisure": null, "man_made": null, "military": null, "natural": null, "office": null, "place": null, "shop": null, "sport": null, "tourism": null, "other_tags": null }, "geometry": { "type": "MultiPolygon", "coordinates": [ [ [ [ -74.9668146, 4.9498152 ], [ -74.9667847, 4.9497339 ], [ -74.9668794, 4.9496993 ], [ -74.9669094, 4.9497806 ], [ -74.9668146, 4.9498152 ] ] ] ] } },
{ "type": "Feature", "properties": { "fid": 193, "osm_id": null, "osm_way_id": "840334533", "name": null, "type": null, "aeroway": null, "amenity": null, "admin_level": null, "barrier": null, "boundary": null, "building": "house", "craft": null, "geological": null, "historic": null, "land_area": null, "landuse": null, "leisure": null, "man_made": null, "military": null, "natural": null, "office": null, "place": null, "shop": null, "sport": null, "tourism": null, "other_tags": null }, "geometry": { "type": "MultiPolygon", "coordinates": [ [ [ [ -74.9668952, 4.9500356 ], [ -74.9668653, 4.9499543 ], [ -74.9669601, 4.9499197 ], [ -74.96699, 4.950001 ], [ -74.9668952, 4.9500356 ] ] ] ] } },
{ "type": "Feature", "properties": { "fid": 194, "osm_id": null, "osm_way_id": "840334534", "name": null, "type": null, "aeroway": null, "amenity": null, "admin_level": null, "barrier": null, "boundary": null, "building": "house", "craft": null, "geological": null, "historic": null, "land_area": null, "landuse": null, "leisure": null, "man_made": null, "military": null, "natural": null, "office": null, "place": null, "shop": null, "sport": null, "tourism": null, "other_tags": null }, "geometry": { "type": "MultiPolygon", "coordinates": [ [ [ [ -74.9670655, 4.9501944 ], [ -74.9670355, 4.9501131 ], [ -74.9671303, 4.9500784 ], [ -74.9671603, 4.9501597 ], [ -74.9670655, 4.9501944 ] ] ] ] } },
{ "type": "Feature", "properties": { "fid": 195, "osm_id": null, "osm_way_id": "840334535", "name": null, "type": null, "aeroway": null, "amenity": null, "admin_level": null, "barrier": null, "boundary": null, "building": "house", "craft": null, "geological": null, "historic": null, "land_area": null, "landuse": null, "leisure": null, "man_made": null, "military": null, "natural": null, "office": null, "place": null, "shop": null, "sport": null, "tourism": null, "other_tags": null }, "geometry": { "type": "MultiPolygon", "coordinates": [ [ [ [ -74.9670941, 4.9503355 ], [ -74.9670642, 4.9502542 ], [ -74.9671589, 4.9502196 ], [ -74.9671889, 4.9503009 ], [ -74.9670941, 4.9503355 ] ] ] ] } },
{ "type": "Feature", "properties": { "fid": 196, "osm_id": null, "osm_way_id": "840334536", "name": null, "type": null, "aeroway": null, "amenity": null, "admin_level": null, "barrier": null, "boundary": null, "building": "house", "craft": null, "geological": null, "historic": null, "land_area": null, "landuse": null, "leisure": null, "man_made": null, "military": null, "natural": null, "office": null, "place": null, "shop": null, "sport": null, "tourism": null, "other_tags": null }, "geometry": { "type": "MultiPolygon", "coordinates": [ [ [ [ -74.9673278, 4.9507846 ], [ -74.9672184, 4.9507211 ], [ -74.9672601, 4.9506497 ], [ -74.9673695, 4.9507132 ], [ -74.9673278, 4.9507846 ] ] ] ] } },
{ "type": "Feature", "properties": { "fid": 197, "osm_id": null, "osm_way_id": "840334537", "name": null, "type": null, "aeroway": null, "amenity": null, "admin_level": null, "barrier": null, "boundary": null, "building": "house", "craft": null, "geological": null, "historic": null, "land_area": null, "landuse": null, "leisure": null, "man_made": null, "military": null, "natural": null, "office": null, "place": null, "shop": null, "sport": null, "tourism": null, "other_tags": null }, "geometry": { "type": "MultiPolygon", "coordinates": [ [ [ [ -74.9670551, 4.9511742 ], [ -74.966953, 4.9512389 ], [ -74.9670011, 4.9513145 ], [ -74.9671526, 4.9512186 ], [ -74.9671225, 4.9511713 ], [ -74.9670732, 4.9512026 ], [ -74.9670551, 4.9511742 ] ] ] ] } },
{ "type": "Feature", "properties": { "fid": 198, "osm_id": null, "osm_way_id": "840334538", "name": null, "type": null, "aeroway": null, "amenity": null, "admin_level": null, "barrier": null, "boundary": null, "building": "house", "craft": null, "geological": null, "historic": null, "land_area": null, "landuse": null, "leisure": null, "man_made": null, "military": null, "natural": null, "office": null, "place": null, "shop": null, "sport": null, "tourism": null, "other_tags": null }, "geometry": { "type": "MultiPolygon", "coordinates": [ [ [ [ -74.9669077, 4.9515535 ], [ -74.9669198, 4.9514653 ], [ -74.9668419, 4.9514547 ], [ -74.9668298, 4.9515428 ], [ -74.9669077, 4.9515535 ] ] ] ] } },
{ "type": "Feature", "properties": { "fid": 199, "osm_id": null, "osm_way_id": "840334539", "name": null, "type": null, "aeroway": null, "amenity": null, "admin_level": null, "barrier": null, "boundary": null, "building": "house", "craft": null, "geological": null, "historic": null, "land_area": null, "landuse": null, "leisure": null, "man_made": null, "military": null, "natural": null, "office": null, "place": null, "shop": null, "sport": null, "tourism": null, "other_tags": null }, "geometry": { "type": "MultiPolygon", "coordinates": [ [ [ [ -74.9669767, 4.9515586 ], [ -74.9668458, 4.9516117 ], [ -74.9668748, 4.9516826 ], [ -74.9670057, 4.9516295 ], [ -74.9669767, 4.9515586 ] ] ] ] } },
{ "type": "Feature", "properties": { "fid": 200, "osm_id": null, "osm_way_id": "840334540", "name": null, "type": null, "aeroway": null, "amenity": null, "admin_level": null, "barrier": null, "boundary": null, "building": "house", "craft": null, "geological": null, "historic": null, "land_area": null, "landuse": null, "leisure": null, "man_made": null, "military": null, "natural": null, "office": null, "place": null, "shop": null, "sport": null, "tourism": null, "other_tags": null }, "geometry": { "type": "MultiPolygon", "coordinates": [ [ [ [ -74.9667196, 4.9519636 ], [ -74.9666171, 4.9519967 ], [ -74.9666291, 4.9520337 ], [ -74.9665885, 4.9520469 ], [ -74.9665996, 4.9520812 ], [ -74.9667428, 4.952035 ], [ -74.9667196, 4.9519636 ] ] ] ] } },
{ "type": "Feature", "properties": { "fid": 201, "osm_id": null, "osm_way_id": "840334541", "name": null, "type": null, "aeroway": null, "amenity": null, "admin_level": null, "barrier": null, "boundary": null, "building": "house", "craft": null, "geological": null, "historic": null, "land_area": null, "landuse": null, "leisure": null, "man_made": null, "military": null, "natural": null, "office": null, "place": null, "shop": null, "sport": null, "tourism": null, "other_tags": null }, "geometry": { "type": "MultiPolygon", "coordinates": [ [ [ [ -74.9669186, 4.9518652 ], [ -74.9668709, 4.951895 ], [ -74.966836, 4.9518393 ], [ -74.9668836, 4.9518096 ], [ -74.9669186, 4.9518652 ] ] ] ] } },
{ "type": "Feature", "properties": { "fid": 202, "osm_id": null, "osm_way_id": "840334542", "name": null, "type": null, "aeroway": null, "amenity": null, "admin_level": null, "barrier": null, "boundary": null, "building": "house", "craft": null, "geological": null, "historic": null, "land_area": null, "landuse": null, "leisure": null, "man_made": null, "military": null, "natural": null, "office": null, "place": null, "shop": null, "sport": null, "tourism": null, "other_tags": null }, "geometry": { "type": "MultiPolygon", "coordinates": [ [ [ [ -74.9668301, 4.9519785 ], [ -74.9667824, 4.9520083 ], [ -74.9667474, 4.9519526 ], [ -74.9667951, 4.9519229 ], [ -74.9668301, 4.9519785 ] ] ] ] } },
{ "type": "Feature", "properties": { "fid": 203, "osm_id": null, "osm_way_id": "840334543", "name": null, "type": null, "aeroway": null, "amenity": null, "admin_level": null, "barrier": null, "boundary": null, "building": "house", "craft": null, "geological": null, "historic": null, "land_area": null, "landuse": null, "leisure": null, "man_made": null, "military": null, "natural": null, "office": null, "place": null, "shop": null, "sport": null, "tourism": null, "other_tags": null }, "geometry": { "type": "MultiPolygon", "coordinates": [ [ [ [ -74.9667695, 4.9520914 ], [ -74.9666362, 4.9521492 ], [ -74.9666151, 4.9521008 ], [ -74.9667484, 4.9520431 ], [ -74.9667695, 4.9520914 ] ] ] ] } },
{ "type": "Feature", "properties": { "fid": 204, "osm_id": null, "osm_way_id": "840334544", "name": null, "type": null, "aeroway": null, "amenity": null, "admin_level": null, "barrier": null, "boundary": null, "building": "house", "craft": null, "geological": null, "historic": null, "land_area": null, "landuse": null, "leisure": null, "man_made": null, "military": null, "natural": null, "office": null, "place": null, "shop": null, "sport": null, "tourism": null, "other_tags": null }, "geometry": { "type": "MultiPolygon", "coordinates": [ [ [ [ -74.9668002, 4.9521749 ], [ -74.9666717, 4.9522435 ], [ -74.9666432, 4.9521904 ], [ -74.9667717, 4.9521218 ], [ -74.9668002, 4.9521749 ] ] ] ] } },
{ "type": "Feature", "properties": { "fid": 205, "osm_id": null, "osm_way_id": "840334545", "name": null, "type": null, "aeroway": null, "amenity": null, "admin_level": null, "barrier": null, "boundary": null, "building": "house", "craft": null, "geological": null, "historic": null, "land_area": null, "landuse": null, "leisure": null, "man_made": null, "military": null, "natural": null, "office": null, "place": null, "shop": null, "sport": null, "tourism": null, "other_tags": null }, "geometry": { "type": "MultiPolygon", "coordinates": [ [ [ [ -74.9668386, 4.9522668 ], [ -74.9667408, 4.9523436 ], [ -74.9666913, 4.9522809 ], [ -74.9667891, 4.9522041 ], [ -74.9668386, 4.9522668 ] ] ] ] } },
{ "type": "Feature", "properties": { "fid": 206, "osm_id": null, "osm_way_id": "840334546", "name": null, "type": null, "aeroway": null, "amenity": null, "admin_level": null, "barrier": null, "boundary": null, "building": "house", "craft": null, "geological": null, "historic": null, "land_area": null, "landuse": null, "leisure": null, "man_made": null, "military": null, "natural": null, "office": null, "place": null, "shop": null, "sport": null, "tourism": null, "other_tags": null }, "geometry": { "type": "MultiPolygon", "coordinates": [ [ [ [ -74.9669573, 4.9524354 ], [ -74.9668369, 4.9522859 ], [ -74.9667369, 4.9523659 ], [ -74.9668093, 4.9524558 ], [ -74.9668611, 4.9524143 ], [ -74.9669091, 4.9524739 ], [ -74.9669573, 4.9524354 ] ] ] ] } },
{ "type": "Feature", "properties": { "fid": 207, "osm_id": null, "osm_way_id": "840334547", "name": null, "type": null, "aeroway": null, "amenity": null, "admin_level": null, "barrier": null, "boundary": null, "building": "house", "craft": null, "geological": null, "historic": null, "land_area": null, "landuse": null, "leisure": null, "man_made": null, "military": null, "natural": null, "office": null, "place": null, "shop": null, "sport": null, "tourism": null, "other_tags": null }, "geometry": { "type": "MultiPolygon", "coordinates": [ [ [ [ -74.9668971, 4.9526301 ], [ -74.966849, 4.9525276 ], [ -74.9667598, 4.9525692 ], [ -74.9668079, 4.9526717 ], [ -74.9668971, 4.9526301 ] ] ] ] } },
{ "type": "Feature", "properties": { "fid": 208, "osm_id": null, "osm_way_id": "840334548", "name": null, "type": null, "aeroway": null, "amenity": null, "admin_level": null, "barrier": null, "boundary": null, "building": "house", "craft": null, "geological": null, "historic": null, "land_area": null, "landuse": null, "leisure": null, "man_made": null, "military": null, "natural": null, "office": null, "place": null, "shop": null, "sport": null, "tourism": null, "other_tags": null }, "geometry": { "type": "MultiPolygon", "coordinates": [ [ [ [ -74.9670329, 4.9530198 ], [ -74.9669454, 4.9529939 ], [ -74.9669677, 4.9529193 ], [ -74.9670552, 4.9529452 ], [ -74.9670329, 4.9530198 ] ] ] ] } },
{ "type": "Feature", "properties": { "fid": 209, "osm_id": null, "osm_way_id": "840334549", "name": null, "type": null, "aeroway": null, "amenity": null, "admin_level": null, "barrier": null, "boundary": null, "building": "house", "craft": null, "geological": null, "historic": null, "land_area": null, "landuse": null, "leisure": null, "man_made": null, "military": null, "natural": null, "office": null, "place": null, "shop": null, "sport": null, "tourism": null, "other_tags": null }, "geometry": { "type": "MultiPolygon", "coordinates": [ [ [ [ -74.9673504, 4.9535981 ], [ -74.9673139, 4.9535007 ], [ -74.9674272, 4.9534585 ], [ -74.9674638, 4.9535558 ], [ -74.9673504, 4.9535981 ] ] ] ] } },
{ "type": "Feature", "properties": { "fid": 210, "osm_id": null, "osm_way_id": "840334550", "name": null, "type": null, "aeroway": null, "amenity": null, "admin_level": null, "barrier": null, "boundary": null, "building": "house", "craft": null, "geological": null, "historic": null, "land_area": null, "landuse": null, "leisure": null, "man_made": null, "military": null, "natural": null, "office": null, "place": null, "shop": null, "sport": null, "tourism": null, "other_tags": null }, "geometry": { "type": "MultiPolygon", "coordinates": [ [ [ [ -74.9651481, 4.9534254 ], [ -74.9651585, 4.9533242 ], [ -74.9650614, 4.9533143 ], [ -74.965051, 4.9534155 ], [ -74.9651481, 4.9534254 ] ] ] ] } },
{ "type": "Feature", "properties": { "fid": 211, "osm_id": null, "osm_way_id": "840334551", "name": null, "type": null, "aeroway": null, "amenity": null, "admin_level": null, "barrier": null, "boundary": null, "building": "house", "craft": null, "geological": null, "historic": null, "land_area": null, "landuse": null, "leisure": null, "man_made": null, "military": null, "natural": null, "office": null, "place": null, "shop": null, "sport": null, "tourism": null, "other_tags": null }, "geometry": { "type": "MultiPolygon", "coordinates": [ [ [ [ -74.9649444, 4.9529027 ], [ -74.9648602, 4.9527951 ], [ -74.9647836, 4.9528546 ], [ -74.9648677, 4.9529622 ], [ -74.9649444, 4.9529027 ] ] ] ] } },
{ "type": "Feature", "properties": { "fid": 212, "osm_id": null, "osm_way_id": "840334552", "name": null, "type": null, "aeroway": null, "amenity": null, "admin_level": null, "barrier": null, "boundary": null, "building": "house", "craft": null, "geological": null, "historic": null, "land_area": null, "landuse": null, "leisure": null, "man_made": null, "military": null, "natural": null, "office": null, "place": null, "shop": null, "sport": null, "tourism": null, "other_tags": null }, "geometry": { "type": "MultiPolygon", "coordinates": [ [ [ [ -74.9643453, 4.9524054 ], [ -74.9642327, 4.9523561 ], [ -74.9641938, 4.9524442 ], [ -74.9643064, 4.9524935 ], [ -74.9643453, 4.9524054 ] ] ] ] } },
{ "type": "Feature", "properties": { "fid": 213, "osm_id": null, "osm_way_id": "1162829202", "name": null, "type": null, "aeroway": null, "amenity": null, "admin_level": null, "barrier": null, "boundary": null, "building": null, "craft": null, "geological": null, "historic": null, "land_area": null, "landuse": "quarry", "leisure": null, "man_made": null, "military": null, "natural": null, "office": null, "place": null, "shop": null, "sport": null, "tourism": null, "other_tags": null }, "geometry": { "type": "MultiPolygon", "coordinates": [ [ [ [ -74.9667314, 4.9510176 ], [ -74.9669074, 4.9508895 ], [ -74.9669875, 4.9507223 ], [ -74.9667781, 4.9503277 ], [ -74.9667456, 4.9502003 ], [ -74.9667435, 4.9499777 ], [ -74.9667111, 4.9498887 ], [ -74.9665405, 4.949915 ], [ -74.9663577, 4.9499717 ], [ -74.9662827, 4.9501233 ], [ -74.9661943, 4.9501656 ], [ -74.9661624, 4.9500288 ], [ -74.9660247, 4.9499731 ], [ -74.9657031, 4.9499704 ], [ -74.9657155, 4.950437 ], [ -74.9658695, 4.9506316 ], [ -74.9660815, 4.9505948 ], [ -74.9661039, 4.950791 ], [ -74.9662501, 4.9509165 ], [ -74.9662744, 4.9510095 ], [ -74.966378, 4.9510399 ], [ -74.9665364, 4.951046 ], [ -74.9667314, 4.9510176 ] ] ] ] } },
{ "type": "Feature", "properties": { "fid": 214, "osm_id": null, "osm_way_id": "1162829205", "name": null, "type": null, "aeroway": null, "amenity": null, "admin_level": null, "barrier": null, "boundary": null, "building": "house", "craft": null, "geological": null, "historic": null, "land_area": null, "landuse": null, "leisure": null, "man_made": null, "military": null, "natural": null, "office": null, "place": null, "shop": null, "sport": null, "tourism": null, "other_tags": null }, "geometry": { "type": "MultiPolygon", "coordinates": [ [ [ [ -74.9623754, 4.9524667 ], [ -74.9623914, 4.9523806 ], [ -74.9622777, 4.9523595 ], [ -74.9622616, 4.9524457 ], [ -74.9623754, 4.9524667 ] ] ] ] } },
{ "type": "Feature", "properties": { "fid": 215, "osm_id": null, "osm_way_id": "1162829206", "name": null, "type": null, "aeroway": null, "amenity": null, "admin_level": null, "barrier": null, "boundary": null, "building": "house", "craft": null, "geological": null, "historic": null, "land_area": null, "landuse": null, "leisure": null, "man_made": null, "military": null, "natural": null, "office": null, "place": null, "shop": null, "sport": null, "tourism": null, "other_tags": null }, "geometry": { "type": "MultiPolygon", "coordinates": [ [ [ [ -74.9626293, 4.9525189 ], [ -74.9626468, 4.9524469 ], [ -74.9625513, 4.9524239 ], [ -74.9625338, 4.9524959 ], [ -74.9626293, 4.9525189 ] ] ] ] } },
{ "type": "Feature", "properties": { "fid": 216, "osm_id": null, "osm_way_id": "1162829207", "name": null, "type": null, "aeroway": null, "amenity": null, "admin_level": null, "barrier": null, "boundary": null, "building": "house", "craft": null, "geological": null, "historic": null, "land_area": null, "landuse": null, "leisure": null, "man_made": null, "military": null, "natural": null, "office": null, "place": null, "shop": null, "sport": null, "tourism": null, "other_tags": null }, "geometry": { "type": "MultiPolygon", "coordinates": [ [ [ [ -74.9641156, 4.952646 ], [ -74.9640737, 4.9527413 ], [ -74.9642897, 4.9528356 ], [ -74.9643316, 4.9527403 ], [ -74.9641156, 4.952646 ] ] ] ] } },
{ "type": "Feature", "properties": { "fid": 217, "osm_id": null, "osm_way_id": "1163014459", "name": null, "type": null, "aeroway": null, "amenity": null, "admin_level": null, "barrier": null, "boundary": null, "building": "yes", "craft": null, "geological": null, "historic": null, "land_area": null, "landuse": null, "leisure": null, "man_made": null, "military": null, "natural": null, "office": null, "place": null, "shop": null, "sport": null, "tourism": null, "other_tags": null }, "geometry": { "type": "MultiPolygon", "coordinates": [ [ [ [ -74.9672748, 4.9526241 ], [ -74.967168, 4.9526966 ], [ -74.9671914, 4.9527381 ], [ -74.9672983, 4.9526656 ], [ -74.9672748, 4.9526241 ] ] ] ] } },
{ "type": "Feature", "properties": { "fid": 218, "osm_id": null, "osm_way_id": "1163014460", "name": null, "type": null, "aeroway": null, "amenity": null, "admin_level": null, "barrier": null, "boundary": null, "building": "yes", "craft": null, "geological": null, "historic": null, "land_area": null, "landuse": null, "leisure": null, "man_made": null, "military": null, "natural": null, "office": null, "place": null, "shop": null, "sport": null, "tourism": null, "other_tags": null }, "geometry": { "type": "MultiPolygon", "coordinates": [ [ [ [ -74.967316, 4.952715 ], [ -74.9673659, 4.9527678 ], [ -74.9672409, 4.9528848 ], [ -74.9672039, 4.9528456 ], [ -74.9672386, 4.9528131 ], [ -74.967208, 4.9527806 ], [ -74.9672441, 4.9527468 ], [ -74.9672619, 4.9527656 ], [ -74.967316, 4.952715 ] ] ] ] } }
]
}
